index,생산량,인건비,전기요금(계절),추천_P_electric,추천_P_human,최소비용
0,0.0,1.5,109.8,1.0,9.0,123.3
1,0.0,1.5,109.8,1.0,9.0,123.3
2,0.0,1.5,109.8,1.0,9.0,123.3
3,0.0,1.5,109.8,1.0,9.0,123.3
4,0.0,1.5,109.8,1.0,9.0,123.3
5,0.0,1.5,109.8,1.0,9.0,123.3
6,0.0,1.5,109.8,1.0,9.0,123.3
7,0.0,1.5,109.8,1.0,9.0,123.3
8,0.0,1.5,109.8,1.0,9.0,123.3
9,0.0,1.0,109.8,1.0,9.0,118.8
10,0.0,1.0,109.8,1.0,9.0,118.8
11,0.0,1.0,109.8,1.0,9.0,118.8
12,0.0,1.0,109.8,1.0,9.0,118.8
13,0.0,1.0,109.8,1.0,9.0,118.8
14,0.0,1.0,109.8,1.0,9.0,118.8
15,0.0,1.0,109.8,1.0,9.0,118.8
16,0.0,1.0,109.8,1.0,9.0,118.8
17,0.0,1.0,109.8,1.0,9.0,118.8
18,0.0,1.5,109.8,1.0,9.0,123.3
19,0.0,1.5,109.8,1.0,9.0,123.3
20,0.0,1.5,109.8,1.0,9.0,123.3
21,0.0,1.5,109.8,1.0,9.0,123.3
22,0.0,1.5,109.8,1.0,9.0,123.3
23,0.0,1.5,109.8,1.0,9.0,123.3
24,0.0,1.5,109.8,1.0,9.0,123.3
25,0.0,1.5,109.8,1.0,9.0,123.3
26,0.0,1.5,109.8,1.0,9.0,123.3
27,0.0,1.5,109.8,1.0,9.0,123.3
28,0.0,1.5,109.8,1.0,9.0,123.3
29,0.0,1.5,109.8,1.0,9.0,123.3
30,0.0,1.5,109.8,1.0,9.0,123.3
31,0.0,1.5,109.8,1.0,9.0,123.3
32,0.0,1.5,109.8,1.0,9.0,123.3
33,0.0,1.0,109.8,1.0,9.0,118.8
34,0.0,1.0,109.8,1.0,9.0,118.8
35,0.0,1.0,109.8,1.0,9.0,118.8
36,0.0,1.0,109.8,1.0,9.0,118.8
37,0.0,1.0,109.8,1.0,9.0,118.8
38,0.0,1.0,109.8,1.0,9.0,118.8
39,0.0,1.0,109.8,1.0,9.0,118.8
40,0.0,1.0,109.8,1.0,9.0,118.8
41,0.0,1.0,109.8,1.0,9.0,118.8
42,0.0,1.5,109.8,1.0,9.0,123.3
43,0.0,1.5,109.8,1.0,9.0,123.3
44,0.0,1.5,109.8,1.0,9.0,123.3
45,0.0,1.5,109.8,1.0,9.0,123.3
46,0.0,1.5,109.8,1.0,9.0,123.3
47,0.0,1.5,109.8,1.0,9.0,123.3
48,0.0,1.5,109.8,1.0,9.0,123.3
49,0.0,1.5,109.8,1.0,9.0,123.3
50,0.0,1.5,109.8,1.0,9.0,123.3
51,0.0,1.5,109.8,1.0,9.0,123.3
52,0.0,1.5,109.8,1.0,9.0,123.3
53,0.0,1.5,109.8,1.0,9.0,123.3
54,0.0,1.5,109.8,1.0,9.0,123.3
55,0.0,1.5,109.8,1.0,9.0,123.3
56,0.0,1.5,109.8,1.0,9.0,123.3
57,0.0,1.0,109.8,1.0,9.0,118.8
58,0.0,1.0,109.8,1.0,9.0,118.8
59,0.0,1.0,109.8,1.0,9.0,118.8
60,0.0,1.0,109.8,1.0,9.0,118.8
61,0.0,1.0,109.8,1.0,9.0,118.8
62,0.0,1.0,109.8,1.0,9.0,118.8
63,0.0,1.0,109.8,1.0,9.0,118.8
64,0.0,1.0,109.8,1.0,9.0,118.8
65,0.0,1.0,109.8,1.0,9.0,118.8
66,0.0,1.5,109.8,1.0,9.0,123.3
67,0.0,1.5,109.8,1.0,9.0,123.3
68,0.0,1.5,109.8,1.0,9.0,123.3
69,0.0,1.5,109.8,1.0,9.0,123.3
70,0.0,1.5,109.8,1.0,9.0,123.3
71,0.0,1.5,109.8,1.0,9.0,123.3
72,0.0,1.5,109.8,1.0,9.0,123.3
73,0.0,1.5,109.8,1.0,9.0,123.3
74,0.0,1.5,109.8,1.0,9.0,123.3
75,0.0,1.5,109.8,1.0,9.0,123.3
76,0.0,1.5,109.8,1.0,9.0,123.3
77,0.0,1.5,109.8,1.0,9.0,123.3
78,0.0,1.5,109.8,1.0,9.0,123.3
79,0.0,1.5,109.8,1.0,9.0,123.3
80,165.0,1.5,109.8,1.0,9.0,123.3
81,313.0,1.0,109.8,1.0,9.0,118.8
82,2757.0,1.0,109.8,1.0,9.0,118.8
83,983.0,1.0,109.8,1.0,9.0,118.8
84,96.0,1.0,109.8,1.0,9.0,118.8
85,791.0,1.0,109.8,1.0,9.0,118.8
86,2485.0,1.0,109.8,1.0,9.0,118.8
87,2313.0,1.0,109.8,1.0,9.0,118.8
88,1906.0,1.0,109.8,1.0,9.0,118.8
89,1725.0,1.0,109.8,1.0,9.0,118.8
90,0.0,1.5,109.8,1.0,9.0,123.3
91,0.0,1.5,109.8,1.0,9.0,123.3
92,46.0,1.5,109.8,1.0,9.0,123.3
93,40.0,1.5,109.8,1.0,9.0,123.3
94,0.0,1.5,109.8,1.0,9.0,123.3
95,52.0,1.5,109.8,1.0,9.0,123.3
96,0.0,1.5,109.8,1.0,9.0,123.3
97,0.0,1.5,109.8,1.0,9.0,123.3
98,0.0,1.5,109.8,1.0,9.0,123.3
99,0.0,1.5,109.8,1.0,9.0,123.3
100,0.0,1.5,109.8,1.0,9.0,123.3
101,0.0,1.5,109.8,1.0,9.0,123.3
102,0.0,1.5,109.8,1.0,9.0,123.3
103,0.0,1.5,109.8,1.0,9.0,123.3
104,0.0,1.5,109.8,1.0,9.0,123.3
105,0.0,1.0,109.8,1.0,9.0,118.8
106,0.0,1.0,109.8,1.0,9.0,118.8
107,0.0,1.0,109.8,1.0,9.0,118.8
108,0.0,1.0,109.8,1.0,9.0,118.8
109,0.0,1.0,109.8,1.0,9.0,118.8
110,0.0,1.0,109.8,1.0,9.0,118.8
111,0.0,1.0,109.8,1.0,9.0,118.8
112,0.0,1.0,109.8,1.0,9.0,118.8
113,0.0,1.0,109.8,1.0,9.0,118.8
114,0.0,1.5,109.8,1.0,9.0,123.3
115,0.0,1.5,109.8,1.0,9.0,123.3
116,0.0,1.5,109.8,1.0,9.0,123.3
117,0.0,1.5,109.8,1.0,9.0,123.3
118,0.0,1.5,109.8,1.0,9.0,123.3
119,0.0,1.5,109.8,1.0,9.0,123.3
120,0.0,1.5,109.8,1.0,9.0,123.3
121,0.0,1.5,109.8,1.0,9.0,123.3
122,0.0,1.5,109.8,1.0,9.0,123.3
123,0.0,1.5,109.8,1.0,9.0,123.3
124,0.0,1.5,109.8,1.0,9.0,123.3
125,0.0,1.5,109.8,1.0,9.0,123.3
126,0.0,1.5,109.8,1.0,9.0,123.3
127,0.0,1.5,109.8,1.0,9.0,123.3
128,0.0,1.5,109.8,1.0,9.0,123.3
129,0.0,1.0,109.8,1.0,9.0,118.8
130,0.0,1.0,109.8,1.0,9.0,118.8
131,0.0,1.0,109.8,1.0,9.0,118.8
132,0.0,1.0,109.8,1.0,9.0,118.8
133,0.0,1.0,109.8,1.0,9.0,118.8
134,0.0,1.0,109.8,1.0,9.0,118.8
135,0.0,1.0,109.8,1.0,9.0,118.8
136,0.0,1.0,109.8,1.0,9.0,118.8
137,0.0,1.0,109.8,1.0,9.0,118.8
138,0.0,1.5,109.8,1.0,9.0,123.3
139,0.0,1.5,109.8,1.0,9.0,123.3
140,0.0,1.5,109.8,1.0,9.0,123.3
141,0.0,1.5,109.8,1.0,9.0,123.3
142,0.0,1.5,109.8,1.0,9.0,123.3
143,0.0,1.5,109.8,1.0,9.0,123.3
144,0.0,1.5,109.8,1.0,9.0,123.3
145,34.0,1.5,109.8,1.0,9.0,123.3
146,0.0,1.5,109.8,1.0,9.0,123.3
147,56.0,1.5,109.8,1.0,9.0,123.3
148,278.0,1.5,109.8,1.0,9.0,123.3
149,0.0,1.5,109.8,1.0,9.0,123.3
150,20.0,1.5,109.8,1.0,9.0,123.3
151,2841.0,1.5,109.8,1.0,9.0,123.3
152,538.0,1.5,109.8,1.0,9.0,123.3
153,1384.0,1.0,109.8,1.0,9.0,118.8
154,957.0,1.0,109.8,1.0,9.0,118.8
155,1013.0,1.0,109.8,1.0,9.0,118.8
156,797.0,1.0,109.8,1.0,9.0,118.8
157,1293.0,1.0,109.8,1.0,9.0,118.8
158,2314.0,1.0,109.8,1.0,9.0,118.8
159,1043.0,1.0,109.8,1.0,9.0,118.8
160,1546.0,1.0,109.8,1.0,9.0,118.8
161,451.0,1.0,109.8,1.0,9.0,118.8
162,380.0,1.5,109.8,1.0,9.0,123.3
163,1652.0,1.5,109.8,1.0,9.0,123.3
164,194.0,1.5,109.8,1.0,9.0,123.3
165,0.0,1.5,109.8,1.0,9.0,123.3
166,2.0,1.5,109.8,1.0,9.0,123.3
167,12.0,1.5,109.8,1.0,9.0,123.3
168,0.0,1.5,109.8,1.0,9.0,123.3
169,0.0,1.5,109.8,1.0,9.0,123.3
170,2.0,1.5,109.8,1.0,9.0,123.3
171,148.0,1.5,109.8,1.0,9.0,123.3
172,498.0,1.5,109.8,1.0,9.0,123.3
173,33.0,1.5,109.8,1.0,9.0,123.3
174,60.0,1.5,109.8,1.0,9.0,123.3
175,1507.0,1.5,109.8,1.0,9.0,123.3
176,777.0,1.5,109.8,1.0,9.0,123.3
177,325.0,1.0,109.8,1.0,9.0,118.8
178,2427.0,1.0,109.8,1.0,9.0,118.8
179,695.0,1.0,109.8,1.0,9.0,118.8
180,48.0,1.0,109.8,1.0,9.0,118.8
181,4386.0,1.0,109.8,1.0,9.0,118.8
182,1270.0,1.0,109.8,1.0,9.0,118.8
183,3947.0,1.0,109.8,1.0,9.0,118.8
184,613.0,1.0,109.8,1.0,9.0,118.8
185,184.0,1.0,109.8,1.0,9.0,118.8
186,754.0,1.5,109.8,1.0,9.0,123.3
187,4008.0,1.5,109.8,1.0,9.0,123.3
188,0.0,1.5,109.8,1.0,9.0,123.3
189,28.0,1.5,109.8,1.0,9.0,123.3
190,30.0,1.5,109.8,1.0,9.0,123.3
191,43.0,1.5,109.8,1.0,9.0,123.3
192,0.0,1.5,109.8,1.0,9.0,123.3
193,32.0,1.5,109.8,1.0,9.0,123.3
194,0.0,1.5,109.8,1.0,9.0,123.3
195,23.0,1.5,109.8,1.0,9.0,123.3
196,0.0,1.5,109.8,1.0,9.0,123.3
197,0.0,1.5,109.8,1.0,9.0,123.3
198,64.0,1.5,109.8,1.0,9.0,123.3
199,548.0,1.5,109.8,1.0,9.0,123.3
200,0.0,1.5,109.8,1.0,9.0,123.3
201,0.0,1.0,109.8,1.0,9.0,118.8
202,0.0,1.0,109.8,1.0,9.0,118.8
203,0.0,1.0,109.8,1.0,9.0,118.8
204,0.0,1.0,109.8,1.0,9.0,118.8
205,0.0,1.0,109.8,1.0,9.0,118.8
206,0.0,1.0,109.8,1.0,9.0,118.8
207,0.0,1.0,109.8,1.0,9.0,118.8
208,0.0,1.0,109.8,1.0,9.0,118.8
209,0.0,1.0,109.8,1.0,9.0,118.8
210,0.0,1.5,109.8,1.0,9.0,123.3
211,0.0,1.5,109.8,1.0,9.0,123.3
212,0.0,1.5,109.8,1.0,9.0,123.3
213,0.0,1.5,109.8,1.0,9.0,123.3
214,0.0,1.5,109.8,1.0,9.0,123.3
215,0.0,1.5,109.8,1.0,9.0,123.3
216,0.0,1.5,109.8,1.0,9.0,123.3
217,0.0,1.5,109.8,1.0,9.0,123.3
218,0.0,1.5,109.8,1.0,9.0,123.3
219,0.0,1.5,109.8,1.0,9.0,123.3
220,0.0,1.5,109.8,1.0,9.0,123.3
221,0.0,1.5,109.8,1.0,9.0,123.3
222,0.0,1.5,109.8,1.0,9.0,123.3
223,0.0,1.5,109.8,1.0,9.0,123.3
224,0.0,1.5,109.8,1.0,9.0,123.3
225,0.0,1.0,109.8,1.0,9.0,118.8
226,0.0,1.0,109.8,1.0,9.0,118.8
227,0.0,1.0,109.8,1.0,9.0,118.8
228,0.0,1.0,109.8,1.0,9.0,118.8
229,0.0,1.0,109.8,1.0,9.0,118.8
230,0.0,1.0,109.8,1.0,9.0,118.8
231,0.0,1.0,109.8,1.0,9.0,118.8
232,0.0,1.0,109.8,1.0,9.0,118.8
233,0.0,1.0,109.8,1.0,9.0,118.8
234,0.0,1.5,109.8,1.0,9.0,123.3
235,0.0,1.5,109.8,1.0,9.0,123.3
236,0.0,1.5,109.8,1.0,9.0,123.3
237,0.0,1.5,109.8,1.0,9.0,123.3
238,0.0,1.5,109.8,1.0,9.0,123.3
239,0.0,1.5,109.8,1.0,9.0,123.3
240,0.0,1.5,109.8,1.0,9.0,123.3
241,0.0,1.5,109.8,1.0,9.0,123.3
242,0.0,1.5,109.8,1.0,9.0,123.3
243,0.0,1.5,109.8,1.0,9.0,123.3
244,0.0,1.5,109.8,1.0,9.0,123.3
245,0.0,1.5,109.8,1.0,9.0,123.3
246,0.0,1.5,109.8,1.0,9.0,123.3
247,0.0,1.5,109.8,1.0,9.0,123.3
248,299.0,1.5,109.8,1.0,9.0,123.3
249,710.0,1.0,109.8,1.0,9.0,118.8
250,661.0,1.0,109.8,1.0,9.0,118.8
251,864.0,1.0,109.8,1.0,9.0,118.8
252,368.0,1.0,109.8,1.0,9.0,118.8
253,626.0,1.0,109.8,1.0,9.0,118.8
254,2202.0,1.0,109.8,1.0,9.0,118.8
255,601.0,1.0,109.8,1.0,9.0,118.8
256,1308.0,1.0,109.8,1.0,9.0,118.8
257,683.0,1.0,109.8,1.0,9.0,118.8
258,985.0,1.5,109.8,1.0,9.0,123.3
259,1266.0,1.5,109.8,1.0,9.0,123.3
260,608.0,1.5,109.8,1.0,9.0,123.3
261,26.0,1.5,109.8,1.0,9.0,123.3
262,48.0,1.5,109.8,1.0,9.0,123.3
263,12.0,1.5,109.8,1.0,9.0,123.3
264,0.0,1.5,109.8,1.0,9.0,123.3
265,0.0,1.5,109.8,1.0,9.0,123.3
266,0.0,1.5,109.8,1.0,9.0,123.3
267,0.0,1.5,109.8,1.0,9.0,123.3
268,0.0,1.5,109.8,1.0,9.0,123.3
269,0.0,1.5,109.8,1.0,9.0,123.3
270,0.0,1.5,109.8,1.0,9.0,123.3
271,0.0,1.5,109.8,1.0,9.0,123.3
272,0.0,1.5,109.8,1.0,9.0,123.3
273,0.0,1.0,109.8,1.0,9.0,118.8
274,0.0,1.0,109.8,1.0,9.0,118.8
275,0.0,1.0,109.8,1.0,9.0,118.8
276,0.0,1.0,109.8,1.0,9.0,118.8
277,0.0,1.0,109.8,1.0,9.0,118.8
278,0.0,1.0,109.8,1.0,9.0,118.8
279,0.0,1.0,109.8,1.0,9.0,118.8
280,0.0,1.0,109.8,1.0,9.0,118.8
281,0.0,1.0,109.8,1.0,9.0,118.8
282,0.0,1.5,109.8,1.0,9.0,123.3
283,0.0,1.5,109.8,1.0,9.0,123.3
284,0.0,1.5,109.8,1.0,9.0,123.3
285,0.0,1.5,109.8,1.0,9.0,123.3
286,0.0,1.5,109.8,1.0,9.0,123.3
287,0.0,1.5,109.8,1.0,9.0,123.3
288,0.0,1.5,109.8,1.0,9.0,123.3
289,0.0,1.5,109.8,1.0,9.0,123.3
290,0.0,1.5,109.8,1.0,9.0,123.3
291,0.0,1.5,109.8,1.0,9.0,123.3
292,0.0,1.5,109.8,1.0,9.0,123.3
293,0.0,1.5,109.8,1.0,9.0,123.3
294,0.0,1.5,109.8,1.0,9.0,123.3
295,0.0,1.5,109.8,1.0,9.0,123.3
296,0.0,1.5,109.8,1.0,9.0,123.3
297,0.0,1.0,109.8,1.0,9.0,118.8
298,0.0,1.0,109.8,1.0,9.0,118.8
299,0.0,1.0,109.8,1.0,9.0,118.8
300,0.0,1.0,109.8,1.0,9.0,118.8
301,0.0,1.0,109.8,1.0,9.0,118.8
302,0.0,1.0,109.8,1.0,9.0,118.8
303,0.0,1.0,109.8,1.0,9.0,118.8
304,0.0,1.0,109.8,1.0,9.0,118.8
305,0.0,1.0,109.8,1.0,9.0,118.8
306,0.0,1.5,109.8,1.0,9.0,123.3
307,0.0,1.5,109.8,1.0,9.0,123.3
308,0.0,1.5,109.8,1.0,9.0,123.3
309,0.0,1.5,109.8,1.0,9.0,123.3
310,0.0,1.5,109.8,1.0,9.0,123.3
311,0.0,1.5,109.8,1.0,9.0,123.3
312,0.0,1.5,109.8,1.0,9.0,123.3
313,14.0,1.5,109.8,1.0,9.0,123.3
314,8.0,1.5,109.8,1.0,9.0,123.3
315,97.0,1.5,109.8,1.0,9.0,123.3
316,16.0,1.5,109.8,1.0,9.0,123.3
317,0.0,1.5,109.8,1.0,9.0,123.3
318,62.0,1.5,109.8,1.0,9.0,123.3
319,280.0,1.5,109.8,1.0,9.0,123.3
320,844.0,1.5,109.8,1.0,9.0,123.3
321,1104.0,1.0,109.8,1.0,9.0,118.8
322,498.0,1.0,109.8,1.0,9.0,118.8
323,1465.0,1.0,109.8,1.0,9.0,118.8
324,6345.0,1.0,109.8,1.0,9.0,118.8
325,898.0,1.0,109.8,1.0,9.0,118.8
326,535.0,1.0,109.8,1.0,9.0,118.8
327,550.0,1.0,109.8,1.0,9.0,118.8
328,1064.0,1.0,109.8,1.0,9.0,118.8
329,249.0,1.0,109.8,1.0,9.0,118.8
330,1016.0,1.5,109.8,1.0,9.0,123.3
331,2446.0,1.5,109.8,1.0,9.0,123.3
332,9.0,1.5,109.8,1.0,9.0,123.3
333,8.0,1.5,109.8,1.0,9.0,123.3
334,53.0,1.5,109.8,1.0,9.0,123.3
335,0.0,1.5,109.8,1.0,9.0,123.3
336,0.0,1.5,109.8,1.0,9.0,123.3
337,91.0,1.5,109.8,1.0,9.0,123.3
338,70.0,1.5,109.8,1.0,9.0,123.3
339,0.0,1.5,109.8,1.0,9.0,123.3
340,98.0,1.5,109.8,1.0,9.0,123.3
341,0.0,1.5,109.8,1.0,9.0,123.3
342,54.0,1.5,109.8,1.0,9.0,123.3
343,457.0,1.5,109.8,1.0,9.0,123.3
344,560.0,1.5,109.8,1.0,9.0,123.3
345,624.0,1.0,109.8,1.0,9.0,118.8
346,1090.0,1.0,109.8,1.0,9.0,118.8
347,908.0,1.0,109.8,1.0,9.0,118.8
348,1763.0,1.0,109.8,1.0,9.0,118.8
349,946.0,1.0,109.8,1.0,9.0,118.8
350,2022.0,1.0,109.8,1.0,9.0,118.8
351,614.0,1.0,109.8,1.0,9.0,118.8
352,1324.0,1.0,109.8,1.0,9.0,118.8
353,95.0,1.0,109.8,1.0,9.0,118.8
354,1019.0,1.5,109.8,1.0,9.0,123.3
355,2553.0,1.5,109.8,1.0,9.0,123.3
356,3.0,1.5,109.8,1.0,9.0,123.3
357,31.0,1.5,109.8,1.0,9.0,123.3
358,17.0,1.5,109.8,1.0,9.0,123.3
359,6.0,1.5,109.8,1.0,9.0,123.3
360,0.0,1.5,109.8,1.0,9.0,123.3
361,0.0,1.5,109.8,1.0,9.0,123.3
362,118.0,1.5,109.8,1.0,9.0,123.3
363,0.0,1.5,109.8,1.0,9.0,123.3
364,60.0,1.5,109.8,1.0,9.0,123.3
365,35.0,1.5,109.8,1.0,9.0,123.3
366,62.0,1.5,109.8,1.0,9.0,123.3
367,424.0,1.5,109.8,1.0,9.0,123.3
368,0.0,1.5,109.8,1.0,9.0,123.3
369,0.0,1.0,109.8,1.0,9.0,118.8
370,0.0,1.0,109.8,1.0,9.0,118.8
371,0.0,1.0,109.8,1.0,9.0,118.8
372,0.0,1.0,109.8,1.0,9.0,118.8
373,0.0,1.0,109.8,1.0,9.0,118.8
374,0.0,1.0,109.8,1.0,9.0,118.8
375,0.0,1.0,109.8,1.0,9.0,118.8
376,0.0,1.0,109.8,1.0,9.0,118.8
377,0.0,1.0,109.8,1.0,9.0,118.8
378,0.0,1.5,109.8,1.0,9.0,123.3
379,0.0,1.5,109.8,1.0,9.0,123.3
380,0.0,1.5,109.8,1.0,9.0,123.3
381,0.0,1.5,109.8,1.0,9.0,123.3
382,0.0,1.5,109.8,1.0,9.0,123.3
383,0.0,1.5,109.8,1.0,9.0,123.3
384,0.0,1.5,109.8,1.0,9.0,123.3
385,0.0,1.5,109.8,1.0,9.0,123.3
386,0.0,1.5,109.8,1.0,9.0,123.3
387,0.0,1.5,109.8,1.0,9.0,123.3
388,0.0,1.5,109.8,1.0,9.0,123.3
389,0.0,1.5,109.8,1.0,9.0,123.3
390,0.0,1.5,109.8,1.0,9.0,123.3
391,0.0,1.5,109.8,1.0,9.0,123.3
392,0.0,1.5,109.8,1.0,9.0,123.3
393,0.0,1.0,109.8,1.0,9.0,118.8
394,0.0,1.0,109.8,1.0,9.0,118.8
395,0.0,1.0,109.8,1.0,9.0,118.8
396,0.0,1.0,109.8,1.0,9.0,118.8
397,0.0,1.0,109.8,1.0,9.0,118.8
398,0.0,1.0,109.8,1.0,9.0,118.8
399,0.0,1.0,109.8,1.0,9.0,118.8
400,24.0,1.0,109.8,1.0,9.0,118.8
401,0.0,1.0,109.8,1.0,9.0,118.8
402,0.0,1.5,109.8,1.0,9.0,123.3
403,0.0,1.5,109.8,1.0,9.0,123.3
404,0.0,1.5,109.8,1.0,9.0,123.3
405,0.0,1.5,109.8,1.0,9.0,123.3
406,0.0,1.5,109.8,1.0,9.0,123.3
407,0.0,1.5,109.8,1.0,9.0,123.3
408,0.0,1.5,109.8,1.0,9.0,123.3
409,0.0,1.5,109.8,1.0,9.0,123.3
410,0.0,1.5,109.8,1.0,9.0,123.3
411,0.0,1.5,109.8,1.0,9.0,123.3
412,0.0,1.5,109.8,1.0,9.0,123.3
413,0.0,1.5,109.8,1.0,9.0,123.3
414,0.0,1.5,109.8,1.0,9.0,123.3
415,0.0,1.5,109.8,1.0,9.0,123.3
416,592.0,1.5,109.8,1.0,9.0,123.3
417,622.0,1.0,109.8,1.0,9.0,118.8
418,3127.0,1.0,109.8,1.0,9.0,118.8
419,1300.0,1.0,109.8,1.0,9.0,118.8
420,60.0,1.0,109.8,1.0,9.0,118.8
421,902.0,1.0,109.8,1.0,9.0,118.8
422,854.0,1.0,109.8,1.0,9.0,118.8
423,1424.0,1.0,109.8,1.0,9.0,118.8
424,1378.0,1.0,109.8,1.0,9.0,118.8
425,816.0,1.0,109.8,1.0,9.0,118.8
426,1268.0,1.5,109.8,1.0,9.0,123.3
427,2095.0,1.5,109.8,1.0,9.0,123.3
428,158.0,1.5,109.8,1.0,9.0,123.3
429,163.0,1.5,109.8,1.0,9.0,123.3
430,62.0,1.5,109.8,1.0,9.0,123.3
431,324.0,1.5,109.8,1.0,9.0,123.3
432,0.0,1.5,109.8,1.0,9.0,123.3
433,0.0,1.5,109.8,1.0,9.0,123.3
434,0.0,1.5,109.8,1.0,9.0,123.3
435,0.0,1.5,109.8,1.0,9.0,123.3
436,0.0,1.5,109.8,1.0,9.0,123.3
437,0.0,1.5,109.8,1.0,9.0,123.3
438,0.0,1.5,109.8,1.0,9.0,123.3
439,0.0,1.5,109.8,1.0,9.0,123.3
440,0.0,1.5,109.8,1.0,9.0,123.3
441,0.0,1.0,109.8,1.0,9.0,118.8
442,0.0,1.0,109.8,1.0,9.0,118.8
443,0.0,1.0,109.8,1.0,9.0,118.8
444,0.0,1.0,109.8,1.0,9.0,118.8
445,0.0,1.0,109.8,1.0,9.0,118.8
446,0.0,1.0,109.8,1.0,9.0,118.8
447,0.0,1.0,109.8,1.0,9.0,118.8
448,0.0,1.0,109.8,1.0,9.0,118.8
449,0.0,1.0,109.8,1.0,9.0,118.8
450,0.0,1.5,109.8,1.0,9.0,123.3
451,0.0,1.5,109.8,1.0,9.0,123.3
452,0.0,1.5,109.8,1.0,9.0,123.3
453,0.0,1.5,109.8,1.0,9.0,123.3
454,0.0,1.5,109.8,1.0,9.0,123.3
455,0.0,1.5,109.8,1.0,9.0,123.3
456,0.0,1.5,109.8,1.0,9.0,123.3
457,0.0,1.5,109.8,1.0,9.0,123.3
458,0.0,1.5,109.8,1.0,9.0,123.3
459,0.0,1.5,109.8,1.0,9.0,123.3
460,0.0,1.5,109.8,1.0,9.0,123.3
461,0.0,1.5,109.8,1.0,9.0,123.3
462,0.0,1.5,109.8,1.0,9.0,123.3
463,0.0,1.5,109.8,1.0,9.0,123.3
464,0.0,1.5,109.8,1.0,9.0,123.3
465,0.0,1.0,109.8,1.0,9.0,118.8
466,0.0,1.0,109.8,1.0,9.0,118.8
467,0.0,1.0,109.8,1.0,9.0,118.8
468,0.0,1.0,109.8,1.0,9.0,118.8
469,0.0,1.0,109.8,1.0,9.0,118.8
470,0.0,1.0,109.8,1.0,9.0,118.8
471,0.0,1.0,109.8,1.0,9.0,118.8
472,0.0,1.0,109.8,1.0,9.0,118.8
473,0.0,1.0,109.8,1.0,9.0,118.8
474,0.0,1.5,109.8,1.0,9.0,123.3
475,0.0,1.5,109.8,1.0,9.0,123.3
476,0.0,1.5,109.8,1.0,9.0,123.3
477,0.0,1.5,109.8,1.0,9.0,123.3
478,0.0,1.5,109.8,1.0,9.0,123.3
479,0.0,1.5,109.8,1.0,9.0,123.3
480,522.0,1.5,109.8,1.0,9.0,123.3
481,227.0,1.5,109.8,1.0,9.0,123.3
482,54.0,1.5,109.8,1.0,9.0,123.3
483,99.0,1.5,109.8,1.0,9.0,123.3
484,708.0,1.5,109.8,1.0,9.0,123.3
485,57.0,1.5,109.8,1.0,9.0,123.3
486,332.0,1.5,109.8,1.0,9.0,123.3
487,1617.0,1.5,109.8,1.0,9.0,123.3
488,489.0,1.5,109.8,1.0,9.0,123.3
489,447.0,1.0,109.8,1.0,9.0,118.8
490,1884.0,1.0,109.8,1.0,9.0,118.8
491,1164.0,1.0,109.8,1.0,9.0,118.8
492,85.0,1.0,109.8,1.0,9.0,118.8
493,1692.0,1.0,109.8,1.0,9.0,118.8
494,796.0,1.0,109.8,1.0,9.0,118.8
495,562.0,1.0,109.8,1.0,9.0,118.8
496,900.0,1.0,109.8,1.0,9.0,118.8
497,350.0,1.0,109.8,1.0,9.0,118.8
498,952.0,1.5,109.8,1.0,9.0,123.3
499,3581.0,1.5,109.8,1.0,9.0,123.3
500,100.0,1.5,109.8,1.0,9.0,123.3
501,63.0,1.5,109.8,1.0,9.0,123.3
502,351.0,1.5,109.8,1.0,9.0,123.3
503,183.0,1.5,109.8,1.0,9.0,123.3
504,0.0,1.5,109.8,1.0,9.0,123.3
505,124.0,1.5,109.8,1.0,9.0,123.3
506,854.0,1.5,109.8,1.0,9.0,123.3
507,108.0,1.5,109.8,1.0,9.0,123.3
508,140.0,1.5,109.8,1.0,9.0,123.3
509,0.0,1.5,109.8,1.0,9.0,123.3
510,1007.0,1.5,109.8,1.0,9.0,123.3
511,682.0,1.5,109.8,1.0,9.0,123.3
512,120.0,1.5,109.8,1.0,9.0,123.3
513,786.0,1.0,109.8,1.0,9.0,118.8
514,915.0,1.0,109.8,1.0,9.0,118.8
515,452.0,1.0,109.8,1.0,9.0,118.8
516,286.0,1.0,109.8,1.0,9.0,118.8
517,1215.0,1.0,109.8,1.0,9.0,118.8
518,466.0,1.0,109.8,1.0,9.0,118.8
519,3684.0,1.0,109.8,1.0,9.0,118.8
520,1081.0,1.0,109.8,1.0,9.0,118.8
521,733.0,1.0,109.8,1.0,9.0,118.8
522,658.0,1.5,109.8,1.0,9.0,123.3
523,1279.0,1.5,109.8,1.0,9.0,123.3
524,11.0,1.5,109.8,1.0,9.0,123.3
525,171.0,1.5,109.8,1.0,9.0,123.3
526,3.0,1.5,109.8,1.0,9.0,123.3
527,532.0,1.5,109.8,1.0,9.0,123.3
528,257.0,1.5,109.8,1.0,9.0,123.3
529,477.0,1.5,109.8,1.0,9.0,123.3
530,157.0,1.5,109.8,1.0,9.0,123.3
531,371.0,1.5,109.8,1.0,9.0,123.3
532,36.0,1.5,109.8,1.0,9.0,123.3
533,894.0,1.5,109.8,1.0,9.0,123.3
534,233.0,1.5,109.8,1.0,9.0,123.3
535,743.0,1.5,109.8,1.0,9.0,123.3
536,0.0,1.5,109.8,1.0,9.0,123.3
537,0.0,1.0,109.8,1.0,9.0,118.8
538,0.0,1.0,109.8,1.0,9.0,118.8
539,12.0,1.0,109.8,1.0,9.0,118.8
540,0.0,1.0,109.8,1.0,9.0,118.8
541,0.0,1.0,109.8,1.0,9.0,118.8
542,0.0,1.0,109.8,1.0,9.0,118.8
543,0.0,1.0,109.8,1.0,9.0,118.8
544,0.0,1.0,109.8,1.0,9.0,118.8
545,0.0,1.0,109.8,1.0,9.0,118.8
546,0.0,1.5,109.8,1.0,9.0,123.3
547,0.0,1.5,109.8,1.0,9.0,123.3
548,0.0,1.5,109.8,1.0,9.0,123.3
549,0.0,1.5,109.8,1.0,9.0,123.3
550,0.0,1.5,109.8,1.0,9.0,123.3
551,0.0,1.5,109.8,1.0,9.0,123.3
552,0.0,1.5,109.8,1.0,9.0,123.3
553,0.0,1.5,109.8,1.0,9.0,123.3
554,0.0,1.5,109.8,1.0,9.0,123.3
555,0.0,1.5,109.8,1.0,9.0,123.3
556,0.0,1.5,109.8,1.0,9.0,123.3
557,0.0,1.5,109.8,1.0,9.0,123.3
558,0.0,1.5,109.8,1.0,9.0,123.3
559,0.0,1.5,109.8,1.0,9.0,123.3
560,0.0,1.5,109.8,1.0,9.0,123.3
561,0.0,1.0,109.8,1.0,9.0,118.8
562,0.0,1.0,109.8,1.0,9.0,118.8
563,0.0,1.0,109.8,1.0,9.0,118.8
564,0.0,1.0,109.8,1.0,9.0,118.8
565,0.0,1.0,109.8,1.0,9.0,118.8
566,0.0,1.0,109.8,1.0,9.0,118.8
567,0.0,1.0,109.8,1.0,9.0,118.8
568,0.0,1.0,109.8,1.0,9.0,118.8
569,0.0,1.0,109.8,1.0,9.0,118.8
570,0.0,1.5,109.8,1.0,9.0,123.3
571,0.0,1.5,109.8,1.0,9.0,123.3
572,0.0,1.5,109.8,1.0,9.0,123.3
573,0.0,1.5,109.8,1.0,9.0,123.3
574,0.0,1.5,109.8,1.0,9.0,123.3
575,0.0,1.5,109.8,1.0,9.0,123.3
576,0.0,1.5,109.8,1.0,9.0,123.3
577,0.0,1.5,109.8,1.0,9.0,123.3
578,0.0,1.5,109.8,1.0,9.0,123.3
579,0.0,1.5,109.8,1.0,9.0,123.3
580,0.0,1.5,109.8,1.0,9.0,123.3
581,0.0,1.5,109.8,1.0,9.0,123.3
582,0.0,1.5,109.8,1.0,9.0,123.3
583,0.0,1.5,109.8,1.0,9.0,123.3
584,796.0,1.5,109.8,1.0,9.0,123.3
585,417.0,1.0,109.8,1.0,9.0,118.8
586,383.0,1.0,109.8,1.0,9.0,118.8
587,1971.0,1.0,109.8,1.0,9.0,118.8
588,0.0,1.0,109.8,1.0,9.0,118.8
589,1330.0,1.0,109.8,1.0,9.0,118.8
590,1732.0,1.0,109.8,1.0,9.0,118.8
591,926.0,1.0,109.8,1.0,9.0,118.8
592,2269.0,1.0,109.8,1.0,9.0,118.8
593,797.0,1.0,109.8,1.0,9.0,118.8
594,896.0,1.5,109.8,1.0,9.0,123.3
595,2599.0,1.5,109.8,1.0,9.0,123.3
596,78.0,1.5,109.8,1.0,9.0,123.3
597,36.0,1.5,109.8,1.0,9.0,123.3
598,181.0,1.5,109.8,1.0,9.0,123.3
599,30.0,1.5,109.8,1.0,9.0,123.3
600,0.0,1.5,109.8,1.0,9.0,123.3
601,0.0,1.5,109.8,1.0,9.0,123.3
602,0.0,1.5,109.8,1.0,9.0,123.3
603,0.0,1.5,109.8,1.0,9.0,123.3
604,0.0,1.5,109.8,1.0,9.0,123.3
605,0.0,1.5,109.8,1.0,9.0,123.3
606,0.0,1.5,109.8,1.0,9.0,123.3
607,0.0,1.5,109.8,1.0,9.0,123.3
608,0.0,1.5,109.8,1.0,9.0,123.3
609,0.0,1.0,109.8,1.0,9.0,118.8
610,0.0,1.0,109.8,1.0,9.0,118.8
611,0.0,1.0,109.8,1.0,9.0,118.8
612,0.0,1.0,109.8,1.0,9.0,118.8
613,0.0,1.0,109.8,1.0,9.0,118.8
614,0.0,1.0,109.8,1.0,9.0,118.8
615,0.0,1.0,109.8,1.0,9.0,118.8
616,0.0,1.0,109.8,1.0,9.0,118.8
617,0.0,1.0,109.8,1.0,9.0,118.8
618,0.0,1.5,109.8,1.0,9.0,123.3
619,0.0,1.5,109.8,1.0,9.0,123.3
620,0.0,1.5,109.8,1.0,9.0,123.3
621,0.0,1.5,109.8,1.0,9.0,123.3
622,0.0,1.5,109.8,1.0,9.0,123.3
623,0.0,1.5,109.8,1.0,9.0,123.3
624,0.0,1.5,109.8,1.0,9.0,123.3
625,0.0,1.5,109.8,1.0,9.0,123.3
626,0.0,1.5,109.8,1.0,9.0,123.3
627,0.0,1.5,109.8,1.0,9.0,123.3
628,0.0,1.5,109.8,1.0,9.0,123.3
629,0.0,1.5,109.8,1.0,9.0,123.3
630,0.0,1.5,109.8,1.0,9.0,123.3
631,0.0,1.5,109.8,1.0,9.0,123.3
632,0.0,1.5,109.8,1.0,9.0,123.3
633,0.0,1.0,109.8,1.0,9.0,118.8
634,0.0,1.0,109.8,1.0,9.0,118.8
635,0.0,1.0,109.8,1.0,9.0,118.8
636,0.0,1.0,109.8,1.0,9.0,118.8
637,0.0,1.0,109.8,1.0,9.0,118.8
638,0.0,1.0,109.8,1.0,9.0,118.8
639,0.0,1.0,109.8,1.0,9.0,118.8
640,0.0,1.0,109.8,1.0,9.0,118.8
641,0.0,1.0,109.8,1.0,9.0,118.8
642,0.0,1.5,109.8,1.0,9.0,123.3
643,0.0,1.5,109.8,1.0,9.0,123.3
644,0.0,1.5,109.8,1.0,9.0,123.3
645,0.0,1.5,109.8,1.0,9.0,123.3
646,0.0,1.5,109.8,1.0,9.0,123.3
647,0.0,1.5,109.8,1.0,9.0,123.3
648,0.0,1.5,109.8,1.0,9.0,123.3
649,24.0,1.5,109.8,1.0,9.0,123.3
650,437.0,1.5,109.8,1.0,9.0,123.3
651,1.0,1.5,109.8,1.0,9.0,123.3
652,827.0,1.5,109.8,1.0,9.0,123.3
653,120.0,1.5,109.8,1.0,9.0,123.3
654,110.0,1.5,109.8,1.0,9.0,123.3
655,16.0,1.5,109.8,1.0,9.0,123.3
656,375.0,1.5,109.8,1.0,9.0,123.3
657,347.0,1.0,109.8,1.0,9.0,118.8
658,810.0,1.0,109.8,1.0,9.0,118.8
659,1049.0,1.0,109.8,1.0,9.0,118.8
660,309.0,1.0,109.8,1.0,9.0,118.8
661,1034.0,1.0,109.8,1.0,9.0,118.8
662,2238.0,1.0,109.8,1.0,9.0,118.8
663,861.0,1.0,109.8,1.0,9.0,118.8
664,1685.0,1.0,109.8,1.0,9.0,118.8
665,512.0,1.0,109.8,1.0,9.0,118.8
666,971.0,1.5,109.8,1.0,9.0,123.3
667,1690.0,1.5,109.8,1.0,9.0,123.3
668,358.0,1.5,109.8,1.0,9.0,123.3
669,40.0,1.5,109.8,1.0,9.0,123.3
670,12.0,1.5,109.8,1.0,9.0,123.3
671,4.0,1.5,109.8,1.0,9.0,123.3
672,0.0,1.5,109.8,1.0,9.0,123.3
673,81.0,1.5,109.8,1.0,9.0,123.3
674,634.0,1.5,109.8,1.0,9.0,123.3
675,2.0,1.5,109.8,1.0,9.0,123.3
676,1.0,1.5,109.8,1.0,9.0,123.3
677,24.0,1.5,109.8,1.0,9.0,123.3
678,2.0,1.5,109.8,1.0,9.0,123.3
679,1288.0,1.5,109.8,1.0,9.0,123.3
680,364.0,1.5,109.8,1.0,9.0,123.3
681,301.0,1.0,109.8,1.0,9.0,118.8
682,601.0,1.0,109.8,1.0,9.0,118.8
683,1135.0,1.0,109.8,1.0,9.0,118.8
684,2095.0,1.0,109.8,1.0,9.0,118.8
685,809.0,1.0,109.8,1.0,9.0,118.8
686,972.0,1.0,109.8,1.0,9.0,118.8
687,868.0,1.0,109.8,1.0,9.0,118.8
688,1383.0,1.0,109.8,1.0,9.0,118.8
689,255.0,1.0,109.8,1.0,9.0,118.8
690,1132.0,1.5,109.8,1.0,9.0,123.3
691,4121.0,1.5,109.8,1.0,9.0,123.3
692,76.0,1.5,109.8,1.0,9.0,123.3
693,51.0,1.5,109.8,1.0,9.0,123.3
694,63.0,1.5,109.8,1.0,9.0,123.3
695,82.0,1.5,109.8,1.0,9.0,123.3
696,213.0,1.5,109.8,1.0,9.0,123.3
697,72.0,1.5,109.8,1.0,9.0,123.3
698,81.0,1.5,109.8,1.0,9.0,123.3
699,325.0,1.5,109.8,1.0,9.0,123.3
700,3.0,1.5,109.8,1.0,9.0,123.3
701,13.0,1.5,109.8,1.0,9.0,123.3
702,42.0,1.5,109.8,1.0,9.0,123.3
703,783.0,1.5,109.8,1.0,9.0,123.3
704,0.0,1.5,109.8,1.0,9.0,123.3
705,0.0,1.0,109.8,1.0,9.0,118.8
706,0.0,1.0,109.8,1.0,9.0,118.8
707,0.0,1.0,109.8,1.0,9.0,118.8
708,0.0,1.0,109.8,1.0,9.0,118.8
709,0.0,1.0,109.8,1.0,9.0,118.8
710,0.0,1.0,109.8,1.0,9.0,118.8
711,0.0,1.0,109.8,1.0,9.0,118.8
712,0.0,1.0,109.8,1.0,9.0,118.8
713,0.0,1.0,109.8,1.0,9.0,118.8
714,0.0,1.5,109.8,1.0,9.0,123.3
715,0.0,1.5,109.8,1.0,9.0,123.3
716,0.0,1.5,109.8,1.0,9.0,123.3
717,0.0,1.5,109.8,1.0,9.0,123.3
718,0.0,1.5,109.8,1.0,9.0,123.3
719,0.0,1.5,109.8,1.0,9.0,123.3
720,0.0,1.5,109.8,1.0,9.0,123.3
721,0.0,1.5,109.8,1.0,9.0,123.3
722,0.0,1.5,109.8,1.0,9.0,123.3
723,0.0,1.5,109.8,1.0,9.0,123.3
724,0.0,1.5,109.8,1.0,9.0,123.3
725,0.0,1.5,109.8,1.0,9.0,123.3
726,0.0,1.5,109.8,1.0,9.0,123.3
727,0.0,1.5,109.8,1.0,9.0,123.3
728,0.0,1.5,109.8,1.0,9.0,123.3
729,0.0,1.0,109.8,1.0,9.0,118.8
730,0.0,1.0,109.8,1.0,9.0,118.8
731,0.0,1.0,109.8,1.0,9.0,118.8
732,0.0,1.0,109.8,1.0,9.0,118.8
733,0.0,1.0,109.8,1.0,9.0,118.8
734,0.0,1.0,109.8,1.0,9.0,118.8
735,0.0,1.0,109.8,1.0,9.0,118.8
736,0.0,1.0,109.8,1.0,9.0,118.8
737,0.0,1.0,109.8,1.0,9.0,118.8
738,0.0,1.5,109.8,1.0,9.0,123.3
739,0.0,1.5,109.8,1.0,9.0,123.3
740,0.0,1.5,109.8,1.0,9.0,123.3
741,0.0,1.5,109.8,1.0,9.0,123.3
742,0.0,1.5,109.8,1.0,9.0,123.3
743,0.0,1.5,109.8,1.0,9.0,123.3
744,0.0,1.5,109.8,1.0,9.0,123.3
745,0.0,1.5,109.8,1.0,9.0,123.3
746,0.0,1.5,109.8,1.0,9.0,123.3
747,0.0,1.5,109.8,1.0,9.0,123.3
748,0.0,1.5,109.8,1.0,9.0,123.3
749,0.0,1.5,109.8,1.0,9.0,123.3
750,0.0,1.5,109.8,1.0,9.0,123.3
751,0.0,1.5,109.8,1.0,9.0,123.3
752,541.0,1.5,109.8,1.0,9.0,123.3
753,432.0,1.0,109.8,1.0,9.0,118.8
754,402.0,1.0,109.8,1.0,9.0,118.8
755,630.0,1.0,109.8,1.0,9.0,118.8
756,284.0,1.0,109.8,1.0,9.0,118.8
757,318.0,1.0,109.8,1.0,9.0,118.8
758,7437.0,1.0,109.8,1.0,9.0,118.8
759,878.0,1.0,109.8,1.0,9.0,118.8
760,4585.0,1.0,109.8,1.0,9.0,118.8
761,598.0,1.0,109.8,1.0,9.0,118.8
762,1777.0,1.5,109.8,1.0,9.0,123.3
763,1913.0,1.5,109.8,1.0,9.0,123.3
764,8.0,1.5,109.8,1.0,9.0,123.3
765,181.0,1.5,109.8,1.0,9.0,123.3
766,97.0,1.5,109.8,1.0,9.0,123.3
767,287.0,1.5,109.8,1.0,9.0,123.3
768,0.0,1.5,109.8,1.0,9.0,123.3
769,53.0,1.5,109.8,1.0,9.0,123.3
770,127.0,1.5,109.8,1.0,9.0,123.3
771,32.0,1.5,109.8,1.0,9.0,123.3
772,69.0,1.5,109.8,1.0,9.0,123.3
773,5.0,1.5,109.8,1.0,9.0,123.3
774,500.0,1.5,109.8,1.0,9.0,123.3
775,711.0,1.5,109.8,1.0,9.0,123.3
776,789.0,1.5,109.8,1.0,9.0,123.3
777,1354.0,1.0,109.8,1.0,9.0,118.8
778,847.0,1.0,109.8,1.0,9.0,118.8
779,535.0,1.0,109.8,1.0,9.0,118.8
780,25.0,1.0,109.8,1.0,9.0,118.8
781,2071.0,1.0,109.8,1.0,9.0,118.8
782,1125.0,1.0,109.8,1.0,9.0,118.8
783,978.0,1.0,109.8,1.0,9.0,118.8
784,6974.0,1.0,109.8,1.0,9.0,118.8
785,340.0,1.0,109.8,1.0,9.0,118.8
786,869.0,1.5,109.8,1.0,9.0,123.3
787,2312.0,1.5,109.8,1.0,9.0,123.3
788,1.0,1.5,109.8,1.0,9.0,123.3
789,177.0,1.5,109.8,1.0,9.0,123.3
790,184.0,1.5,109.8,1.0,9.0,123.3
791,50.0,1.5,109.8,1.0,9.0,123.3
792,7.0,1.5,109.8,1.0,9.0,123.3
793,487.0,1.5,109.8,1.0,9.0,123.3
794,119.0,1.5,109.8,1.0,9.0,123.3
795,499.0,1.5,109.8,1.0,9.0,123.3
796,28.0,1.5,109.8,1.0,9.0,123.3
797,37.0,1.5,109.8,1.0,9.0,123.3
798,212.0,1.5,109.8,1.0,9.0,123.3
799,873.0,1.5,109.8,1.0,9.0,123.3
800,234.0,1.5,109.8,1.0,9.0,123.3
801,297.0,1.0,109.8,1.0,9.0,118.8
802,931.0,1.0,109.8,1.0,9.0,118.8
803,850.0,1.0,109.8,1.0,9.0,118.8
804,110.0,1.0,109.8,1.0,9.0,118.8
805,693.0,1.0,109.8,1.0,9.0,118.8
806,1683.0,1.0,109.8,1.0,9.0,118.8
807,1489.0,1.0,109.8,1.0,9.0,118.8
808,849.0,1.0,109.8,1.0,9.0,118.8
809,508.0,1.0,109.8,1.0,9.0,118.8
810,666.0,1.5,109.8,1.0,9.0,123.3
811,3591.0,1.5,109.8,1.0,9.0,123.3
812,32.0,1.5,109.8,1.0,9.0,123.3
813,18.0,1.5,109.8,1.0,9.0,123.3
814,306.0,1.5,109.8,1.0,9.0,123.3
815,17.0,1.5,109.8,1.0,9.0,123.3
816,231.0,1.5,109.8,1.0,9.0,123.3
817,132.0,1.5,109.8,1.0,9.0,123.3
818,40.0,1.5,109.8,1.0,9.0,123.3
819,630.0,1.5,109.8,1.0,9.0,123.3
820,155.0,1.5,109.8,1.0,9.0,123.3
821,116.0,1.5,109.8,1.0,9.0,123.3
822,322.0,1.5,109.8,1.0,9.0,123.3
823,469.0,1.5,109.8,1.0,9.0,123.3
824,793.0,1.5,109.8,1.0,9.0,123.3
825,751.0,1.0,109.8,1.0,9.0,118.8
826,3151.0,1.0,109.8,1.0,9.0,118.8
827,1159.0,1.0,109.8,1.0,9.0,118.8
828,108.0,1.0,109.8,1.0,9.0,118.8
829,695.0,1.0,109.8,1.0,9.0,118.8
830,1221.0,1.0,109.8,1.0,9.0,118.8
831,760.0,1.0,109.8,1.0,9.0,118.8
832,679.0,1.0,109.8,1.0,9.0,118.8
833,310.0,1.0,109.8,1.0,9.0,118.8
834,1043.0,1.5,109.8,1.0,9.0,123.3
835,951.0,1.5,109.8,1.0,9.0,123.3
836,81.0,1.5,109.8,1.0,9.0,123.3
837,2.0,1.5,109.8,1.0,9.0,123.3
838,312.0,1.5,109.8,1.0,9.0,123.3
839,300.0,1.5,109.8,1.0,9.0,123.3
840,60.0,1.5,109.8,1.0,9.0,123.3
841,128.0,1.5,109.8,1.0,9.0,123.3
842,234.0,1.5,109.8,1.0,9.0,123.3
843,148.0,1.5,109.8,1.0,9.0,123.3
844,140.0,1.5,109.8,1.0,9.0,123.3
845,213.0,1.5,109.8,1.0,9.0,123.3
846,33.0,1.5,109.8,1.0,9.0,123.3
847,2623.0,1.5,109.8,1.0,9.0,123.3
848,686.0,1.5,109.8,1.0,9.0,123.3
849,662.0,1.0,109.8,1.0,9.0,118.8
850,2737.0,1.0,109.8,1.0,9.0,118.8
851,633.0,1.0,109.8,1.0,9.0,118.8
852,18.0,1.0,109.8,1.0,9.0,118.8
853,1901.0,1.0,109.8,1.0,9.0,118.8
854,1826.0,1.0,109.8,1.0,9.0,118.8
855,439.0,1.0,109.8,1.0,9.0,118.8
856,3627.0,1.0,109.8,1.0,9.0,118.8
857,116.0,1.0,109.8,1.0,9.0,118.8
858,1063.0,1.5,109.8,1.0,9.0,123.3
859,666.0,1.5,109.8,1.0,9.0,123.3
860,595.0,1.5,109.8,1.0,9.0,123.3
861,0.0,1.5,109.8,1.0,9.0,123.3
862,0.0,1.5,109.8,1.0,9.0,123.3
863,500.0,1.5,109.8,1.0,9.0,123.3
864,300.0,1.5,109.8,1.0,9.0,123.3
865,100.0,1.5,109.8,1.0,9.0,123.3
866,564.0,1.5,109.8,1.0,9.0,123.3
867,32.0,1.5,109.8,1.0,9.0,123.3
868,361.0,1.5,109.8,1.0,9.0,123.3
869,0.0,1.5,109.8,1.0,9.0,123.3
870,4.0,1.5,109.8,1.0,9.0,123.3
871,1510.0,1.5,109.8,1.0,9.0,123.3
872,0.0,1.5,109.8,1.0,9.0,123.3
873,0.0,1.0,109.8,1.0,9.0,118.8
874,0.0,1.0,109.8,1.0,9.0,118.8
875,0.0,1.0,109.8,1.0,9.0,118.8
876,0.0,1.0,109.8,1.0,9.0,118.8
877,0.0,1.0,109.8,1.0,9.0,118.8
878,0.0,1.0,109.8,1.0,9.0,118.8
879,0.0,1.0,109.8,1.0,9.0,118.8
880,0.0,1.0,109.8,1.0,9.0,118.8
881,0.0,1.0,109.8,1.0,9.0,118.8
882,0.0,1.5,109.8,1.0,9.0,123.3
883,0.0,1.5,109.8,1.0,9.0,123.3
884,0.0,1.5,109.8,1.0,9.0,123.3
885,0.0,1.5,109.8,1.0,9.0,123.3
886,0.0,1.5,109.8,1.0,9.0,123.3
887,0.0,1.5,109.8,1.0,9.0,123.3
888,0.0,1.5,109.8,1.0,9.0,123.3
889,0.0,1.5,109.8,1.0,9.0,123.3
890,0.0,1.5,109.8,1.0,9.0,123.3
891,0.0,1.5,109.8,1.0,9.0,123.3
892,0.0,1.5,109.8,1.0,9.0,123.3
893,0.0,1.5,109.8,1.0,9.0,123.3
894,0.0,1.5,109.8,1.0,9.0,123.3
895,0.0,1.5,109.8,1.0,9.0,123.3
896,0.0,1.5,109.8,1.0,9.0,123.3
897,0.0,1.0,109.8,1.0,9.0,118.8
898,0.0,1.0,109.8,1.0,9.0,118.8
899,0.0,1.0,109.8,1.0,9.0,118.8
900,0.0,1.0,109.8,1.0,9.0,118.8
901,0.0,1.0,109.8,1.0,9.0,118.8
902,0.0,1.0,109.8,1.0,9.0,118.8
903,0.0,1.0,109.8,1.0,9.0,118.8
904,0.0,1.0,109.8,1.0,9.0,118.8
905,0.0,1.0,109.8,1.0,9.0,118.8
906,0.0,1.5,109.8,1.0,9.0,123.3
907,0.0,1.5,109.8,1.0,9.0,123.3
908,0.0,1.5,109.8,1.0,9.0,123.3
909,0.0,1.5,109.8,1.0,9.0,123.3
910,0.0,1.5,109.8,1.0,9.0,123.3
911,0.0,1.5,109.8,1.0,9.0,123.3
912,0.0,1.5,109.8,1.0,9.0,123.3
913,0.0,1.5,109.8,1.0,9.0,123.3
914,0.0,1.5,109.8,1.0,9.0,123.3
915,0.0,1.5,109.8,1.0,9.0,123.3
916,0.0,1.5,109.8,1.0,9.0,123.3
917,0.0,1.5,109.8,1.0,9.0,123.3
918,0.0,1.5,109.8,1.0,9.0,123.3
919,0.0,1.5,109.8,1.0,9.0,123.3
920,669.0,1.5,109.8,1.0,9.0,123.3
921,538.0,1.0,109.8,1.0,9.0,118.8
922,785.0,1.0,109.8,1.0,9.0,118.8
923,2411.0,1.0,109.8,1.0,9.0,118.8
924,120.0,1.0,109.8,1.0,9.0,118.8
925,909.0,1.0,109.8,1.0,9.0,118.8
926,2129.0,1.0,109.8,1.0,9.0,118.8
927,1722.0,1.0,109.8,1.0,9.0,118.8
928,3012.0,1.0,109.8,1.0,9.0,118.8
929,273.0,1.0,109.8,1.0,9.0,118.8
930,992.0,1.5,109.8,1.0,9.0,123.3
931,2012.0,1.5,109.8,1.0,9.0,123.3
932,33.0,1.5,109.8,1.0,9.0,123.3
933,37.0,1.5,109.8,1.0,9.0,123.3
934,0.0,1.5,109.8,1.0,9.0,123.3
935,65.0,1.5,109.8,1.0,9.0,123.3
936,147.0,1.5,109.8,1.0,9.0,123.3
937,96.0,1.5,109.8,1.0,9.0,123.3
938,200.0,1.5,109.8,1.0,9.0,123.3
939,513.0,1.5,109.8,1.0,9.0,123.3
940,83.0,1.5,109.8,1.0,9.0,123.3
941,56.0,1.5,109.8,1.0,9.0,123.3
942,540.0,1.5,109.8,1.0,9.0,123.3
943,996.0,1.5,109.8,1.0,9.0,123.3
944,520.0,1.5,109.8,1.0,9.0,123.3
945,636.0,1.0,109.8,1.0,9.0,118.8
946,477.0,1.0,109.8,1.0,9.0,118.8
947,592.0,1.0,109.8,1.0,9.0,118.8
948,65.0,1.0,109.8,1.0,9.0,118.8
949,1161.0,1.0,109.8,1.0,9.0,118.8
950,923.0,1.0,109.8,1.0,9.0,118.8
951,1319.0,1.0,109.8,1.0,9.0,118.8
952,1198.0,1.0,109.8,1.0,9.0,118.8
953,885.0,1.0,109.8,1.0,9.0,118.8
954,1801.0,1.5,109.8,1.0,9.0,123.3
955,2578.0,1.5,109.8,1.0,9.0,123.3
956,50.0,1.5,109.8,1.0,9.0,123.3
957,13.0,1.5,109.8,1.0,9.0,123.3
958,148.0,1.5,109.8,1.0,9.0,123.3
959,167.0,1.5,109.8,1.0,9.0,123.3
960,121.0,1.5,109.8,1.0,9.0,123.3
961,39.0,1.5,109.8,1.0,9.0,123.3
962,158.0,1.5,109.8,1.0,9.0,123.3
963,40.0,1.5,109.8,1.0,9.0,123.3
964,143.0,1.5,109.8,1.0,9.0,123.3
965,574.0,1.5,109.8,1.0,9.0,123.3
966,246.0,1.5,109.8,1.0,9.0,123.3
967,577.0,1.5,109.8,1.0,9.0,123.3
968,324.0,1.5,109.8,1.0,9.0,123.3
969,1812.0,1.0,109.8,1.0,9.0,118.8
970,903.0,1.0,109.8,1.0,9.0,118.8
971,1468.0,1.0,109.8,1.0,9.0,118.8
972,508.0,1.0,109.8,1.0,9.0,118.8
973,483.0,1.0,109.8,1.0,9.0,118.8
974,180.0,1.0,109.8,1.0,9.0,118.8
975,0.0,1.0,109.8,1.0,9.0,118.8
976,0.0,1.0,109.8,1.0,9.0,118.8
977,0.0,1.0,109.8,1.0,9.0,118.8
978,0.0,1.5,109.8,1.0,9.0,123.3
979,0.0,1.5,109.8,1.0,9.0,123.3
980,0.0,1.5,109.8,1.0,9.0,123.3
981,0.0,1.5,109.8,1.0,9.0,123.3
982,0.0,1.5,109.8,1.0,9.0,123.3
983,0.0,1.5,109.8,1.0,9.0,123.3
984,0.0,1.5,109.8,1.0,9.0,123.3
985,0.0,1.5,109.8,1.0,9.0,123.3
986,0.0,1.5,109.8,1.0,9.0,123.3
987,0.0,1.5,109.8,1.0,9.0,123.3
988,0.0,1.5,109.8,1.0,9.0,123.3
989,0.0,1.5,109.8,1.0,9.0,123.3
990,0.0,1.5,109.8,1.0,9.0,123.3
991,0.0,1.5,109.8,1.0,9.0,123.3
992,0.0,1.5,109.8,1.0,9.0,123.3
993,0.0,1.0,109.8,1.0,9.0,118.8
994,0.0,1.0,109.8,1.0,9.0,118.8
995,0.0,1.0,109.8,1.0,9.0,118.8
996,0.0,1.0,109.8,1.0,9.0,118.8
997,0.0,1.0,109.8,1.0,9.0,118.8
998,0.0,1.0,109.8,1.0,9.0,118.8
999,0.0,1.0,109.8,1.0,9.0,118.8
1000,0.0,1.0,109.8,1.0,9.0,118.8
1001,0.0,1.0,109.8,1.0,9.0,118.8
1002,0.0,1.5,109.8,1.0,9.0,123.3
1003,0.0,1.5,109.8,1.0,9.0,123.3
1004,0.0,1.5,109.8,1.0,9.0,123.3
1005,0.0,1.5,109.8,1.0,9.0,123.3
1006,0.0,1.5,109.8,1.0,9.0,123.3
1007,0.0,1.5,109.8,1.0,9.0,123.3
1008,0.0,1.5,109.8,1.0,9.0,123.3
1009,0.0,1.5,109.8,1.0,9.0,123.3
1010,0.0,1.5,109.8,1.0,9.0,123.3
1011,0.0,1.5,109.8,1.0,9.0,123.3
1012,0.0,1.5,109.8,1.0,9.0,123.3
1013,0.0,1.5,109.8,1.0,9.0,123.3
1014,0.0,1.5,109.8,1.0,9.0,123.3
1015,0.0,1.5,109.8,1.0,9.0,123.3
1016,0.0,1.5,109.8,1.0,9.0,123.3
1017,0.0,1.0,109.8,1.0,9.0,118.8
1018,0.0,1.0,109.8,1.0,9.0,118.8
1019,0.0,1.0,109.8,1.0,9.0,118.8
1020,0.0,1.0,109.8,1.0,9.0,118.8
1021,0.0,1.0,109.8,1.0,9.0,118.8
1022,0.0,1.0,109.8,1.0,9.0,118.8
1023,0.0,1.0,109.8,1.0,9.0,118.8
1024,0.0,1.0,109.8,1.0,9.0,118.8
1025,0.0,1.0,109.8,1.0,9.0,118.8
1026,0.0,1.5,109.8,1.0,9.0,123.3
1027,0.0,1.5,109.8,1.0,9.0,123.3
1028,0.0,1.5,109.8,1.0,9.0,123.3
1029,0.0,1.5,109.8,1.0,9.0,123.3
1030,0.0,1.5,109.8,1.0,9.0,123.3
1031,0.0,1.5,109.8,1.0,9.0,123.3
1032,0.0,1.5,109.8,1.0,9.0,123.3
1033,0.0,1.5,109.8,1.0,9.0,123.3
1034,0.0,1.5,109.8,1.0,9.0,123.3
1035,0.0,1.5,109.8,1.0,9.0,123.3
1036,0.0,1.5,109.8,1.0,9.0,123.3
1037,0.0,1.5,109.8,1.0,9.0,123.3
1038,0.0,1.5,109.8,1.0,9.0,123.3
1039,0.0,1.5,109.8,1.0,9.0,123.3
1040,0.0,1.5,109.8,1.0,9.0,123.3
1041,0.0,1.0,109.8,1.0,9.0,118.8
1042,0.0,1.0,109.8,1.0,9.0,118.8
1043,0.0,1.0,109.8,1.0,9.0,118.8
1044,0.0,1.0,109.8,1.0,9.0,118.8
1045,0.0,1.0,109.8,1.0,9.0,118.8
1046,0.0,1.0,109.8,1.0,9.0,118.8
1047,0.0,1.0,109.8,1.0,9.0,118.8
1048,0.0,1.0,109.8,1.0,9.0,118.8
1049,0.0,1.0,109.8,1.0,9.0,118.8
1050,0.0,1.5,109.8,1.0,9.0,123.3
1051,0.0,1.5,109.8,1.0,9.0,123.3
1052,0.0,1.5,109.8,1.0,9.0,123.3
1053,0.0,1.5,109.8,1.0,9.0,123.3
1054,0.0,1.5,109.8,1.0,9.0,123.3
1055,0.0,1.5,109.8,1.0,9.0,123.3
1056,0.0,1.5,109.8,1.0,9.0,123.3
1057,0.0,1.5,109.8,1.0,9.0,123.3
1058,0.0,1.5,109.8,1.0,9.0,123.3
1059,0.0,1.5,109.8,1.0,9.0,123.3
1060,0.0,1.5,109.8,1.0,9.0,123.3
1061,0.0,1.5,109.8,1.0,9.0,123.3
1062,0.0,1.5,109.8,1.0,9.0,123.3
1063,0.0,1.5,109.8,1.0,9.0,123.3
1064,0.0,1.5,109.8,1.0,9.0,123.3
1065,0.0,1.0,109.8,1.0,9.0,118.8
1066,0.0,1.0,109.8,1.0,9.0,118.8
1067,0.0,1.0,109.8,1.0,9.0,118.8
1068,0.0,1.0,109.8,1.0,9.0,118.8
1069,0.0,1.0,109.8,1.0,9.0,118.8
1070,0.0,1.0,109.8,1.0,9.0,118.8
1071,0.0,1.0,109.8,1.0,9.0,118.8
1072,0.0,1.0,109.8,1.0,9.0,118.8
1073,0.0,1.0,109.8,1.0,9.0,118.8
1074,0.0,1.5,109.8,1.0,9.0,123.3
1075,0.0,1.5,109.8,1.0,9.0,123.3
1076,0.0,1.5,109.8,1.0,9.0,123.3
1077,0.0,1.5,109.8,1.0,9.0,123.3
1078,0.0,1.5,109.8,1.0,9.0,123.3
1079,0.0,1.5,109.8,1.0,9.0,123.3
1080,0.0,1.5,109.8,1.0,9.0,123.3
1081,0.0,1.5,109.8,1.0,9.0,123.3
1082,0.0,1.5,109.8,1.0,9.0,123.3
1083,0.0,1.5,109.8,1.0,9.0,123.3
1084,0.0,1.5,109.8,1.0,9.0,123.3
1085,0.0,1.5,109.8,1.0,9.0,123.3
1086,0.0,1.5,109.8,1.0,9.0,123.3
1087,0.0,1.5,109.8,1.0,9.0,123.3
1088,635.0,1.5,109.8,1.0,9.0,123.3
1089,1362.0,1.0,109.8,1.0,9.0,118.8
1090,825.0,1.0,109.8,1.0,9.0,118.8
1091,2724.0,1.0,109.8,1.0,9.0,118.8
1092,0.0,1.0,109.8,1.0,9.0,118.8
1093,2776.0,1.0,109.8,1.0,9.0,118.8
1094,2004.0,1.0,109.8,1.0,9.0,118.8
1095,154.0,1.0,109.8,1.0,9.0,118.8
1096,903.0,1.0,109.8,1.0,9.0,118.8
1097,905.0,1.0,109.8,1.0,9.0,118.8
1098,2247.0,1.5,109.8,1.0,9.0,123.3
1099,478.0,1.5,109.8,1.0,9.0,123.3
1100,51.0,1.5,109.8,1.0,9.0,123.3
1101,213.0,1.5,109.8,1.0,9.0,123.3
1102,98.0,1.5,109.8,1.0,9.0,123.3
1103,452.0,1.5,109.8,1.0,9.0,123.3
1104,250.0,1.5,109.8,1.0,9.0,123.3
1105,312.0,1.5,109.8,1.0,9.0,123.3
1106,158.0,1.5,109.8,1.0,9.0,123.3
1107,124.0,1.5,109.8,1.0,9.0,123.3
1108,48.0,1.5,109.8,1.0,9.0,123.3
1109,204.0,1.5,109.8,1.0,9.0,123.3
1110,109.0,1.5,109.8,1.0,9.0,123.3
1111,2149.0,1.5,109.8,1.0,9.0,123.3
1112,453.0,1.5,109.8,1.0,9.0,123.3
1113,518.0,1.0,109.8,1.0,9.0,118.8
1114,803.0,1.0,109.8,1.0,9.0,118.8
1115,714.0,1.0,109.8,1.0,9.0,118.8
1116,4.0,1.0,109.8,1.0,9.0,118.8
1117,352.0,1.0,109.8,1.0,9.0,118.8
1118,3995.0,1.0,109.8,1.0,9.0,118.8
1119,2195.0,1.0,109.8,1.0,9.0,118.8
1120,2786.0,1.0,109.8,1.0,9.0,118.8
1121,82.0,1.0,109.8,1.0,9.0,118.8
1122,757.0,1.5,109.8,1.0,9.0,123.3
1123,2939.0,1.5,109.8,1.0,9.0,123.3
1124,6.0,1.5,109.8,1.0,9.0,123.3
1125,136.0,1.5,109.8,1.0,9.0,123.3
1126,65.0,1.5,109.8,1.0,9.0,123.3
1127,107.0,1.5,109.8,1.0,9.0,123.3
1128,331.0,1.5,109.8,1.0,9.0,123.3
1129,170.0,1.5,109.8,1.0,9.0,123.3
1130,240.0,1.5,109.8,1.0,9.0,123.3
1131,82.0,1.5,109.8,1.0,9.0,123.3
1132,265.0,1.5,109.8,1.0,9.0,123.3
1133,23.0,1.5,109.8,1.0,9.0,123.3
1134,583.0,1.5,109.8,1.0,9.0,123.3
1135,1612.0,1.5,109.8,1.0,9.0,123.3
1136,479.0,1.5,109.8,1.0,9.0,123.3
1137,1759.0,1.0,109.8,1.0,9.0,118.8
1138,1510.0,1.0,109.8,1.0,9.0,118.8
1139,792.0,1.0,109.8,1.0,9.0,118.8
1140,269.0,1.0,109.8,1.0,9.0,118.8
1141,819.0,1.0,109.8,1.0,9.0,118.8
1142,1272.0,1.0,109.8,1.0,9.0,118.8
1143,3267.0,1.0,109.8,1.0,9.0,118.8
1144,1287.0,1.0,109.8,1.0,9.0,118.8
1145,2402.0,1.0,109.8,1.0,9.0,118.8
1146,382.0,1.5,109.8,1.0,9.0,123.3
1147,1510.0,1.5,109.8,1.0,9.0,123.3
1148,117.0,1.5,109.8,1.0,9.0,123.3
1149,15.0,1.5,109.8,1.0,9.0,123.3
1150,292.0,1.5,109.8,1.0,9.0,123.3
1151,150.0,1.5,109.8,1.0,9.0,123.3
1152,122.0,1.5,109.8,1.0,9.0,123.3
1153,287.0,1.5,109.8,1.0,9.0,123.3
1154,28.0,1.5,109.8,1.0,9.0,123.3
1155,300.0,1.5,109.8,1.0,9.0,123.3
1156,42.0,1.5,109.8,1.0,9.0,123.3
1157,0.0,1.5,109.8,1.0,9.0,123.3
1158,0.0,1.5,109.8,1.0,9.0,123.3
1159,1368.0,1.5,109.8,1.0,9.0,123.3
1160,197.0,1.5,109.8,1.0,9.0,123.3
1161,1493.0,1.0,109.8,1.0,9.0,118.8
1162,801.0,1.0,109.8,1.0,9.0,118.8
1163,772.0,1.0,109.8,1.0,9.0,118.8
1164,74.0,1.0,109.8,1.0,9.0,118.8
1165,768.0,1.0,109.8,1.0,9.0,118.8
1166,2874.0,1.0,109.8,1.0,9.0,118.8
1167,260.0,1.0,109.8,1.0,9.0,118.8
1168,703.0,1.0,109.8,1.0,9.0,118.8
1169,1073.0,1.0,109.8,1.0,9.0,118.8
1170,1436.0,1.5,109.8,1.0,9.0,123.3
1171,3139.0,1.5,109.8,1.0,9.0,123.3
1172,0.0,1.5,109.8,1.0,9.0,123.3
1173,224.0,1.5,109.8,1.0,9.0,123.3
1174,124.0,1.5,109.8,1.0,9.0,123.3
1175,98.0,1.5,109.8,1.0,9.0,123.3
1176,132.0,1.5,109.8,1.0,9.0,123.3
1177,490.0,1.5,109.8,1.0,9.0,123.3
1178,244.0,1.5,109.8,1.0,9.0,123.3
1179,376.0,1.5,109.8,1.0,9.0,123.3
1180,251.0,1.5,109.8,1.0,9.0,123.3
1181,6.0,1.5,109.8,1.0,9.0,123.3
1182,123.0,1.5,109.8,1.0,9.0,123.3
1183,1902.0,1.5,109.8,1.0,9.0,123.3
1184,994.0,1.5,109.8,1.0,9.0,123.3
1185,800.0,1.0,109.8,1.0,9.0,118.8
1186,4258.0,1.0,109.8,1.0,9.0,118.8
1187,3369.0,1.0,109.8,1.0,9.0,118.8
1188,320.0,1.0,109.8,1.0,9.0,118.8
1189,1334.0,1.0,109.8,1.0,9.0,118.8
1190,503.0,1.0,109.8,1.0,9.0,118.8
1191,184.0,1.0,109.8,1.0,9.0,118.8
1192,1306.0,1.0,109.8,1.0,9.0,118.8
1193,322.0,1.0,109.8,1.0,9.0,118.8
1194,2370.0,1.5,109.8,1.0,9.0,123.3
1195,931.0,1.5,109.8,1.0,9.0,123.3
1196,62.0,1.5,109.8,1.0,9.0,123.3
1197,124.0,1.5,109.8,1.0,9.0,123.3
1198,330.0,1.5,109.8,1.0,9.0,123.3
1199,55.0,1.5,109.8,1.0,9.0,123.3
1200,304.0,1.5,109.8,1.0,9.0,123.3
1201,174.0,1.5,109.8,1.0,9.0,123.3
1202,241.0,1.5,109.8,1.0,9.0,123.3
1203,162.0,1.5,109.8,1.0,9.0,123.3
1204,81.0,1.5,109.8,1.0,9.0,123.3
1205,18.0,1.5,109.8,1.0,9.0,123.3
1206,70.0,1.5,109.8,1.0,9.0,123.3
1207,1378.0,1.5,109.8,1.0,9.0,123.3
1208,0.0,1.5,109.8,1.0,9.0,123.3
1209,0.0,1.0,109.8,1.0,9.0,118.8
1210,0.0,1.0,109.8,1.0,9.0,118.8
1211,0.0,1.0,109.8,1.0,9.0,118.8
1212,0.0,1.0,109.8,1.0,9.0,118.8
1213,0.0,1.0,109.8,1.0,9.0,118.8
1214,0.0,1.0,109.8,1.0,9.0,118.8
1215,0.0,1.0,109.8,1.0,9.0,118.8
1216,0.0,1.0,109.8,1.0,9.0,118.8
1217,0.0,1.0,109.8,1.0,9.0,118.8
1218,0.0,1.5,109.8,1.0,9.0,123.3
1219,0.0,1.5,109.8,1.0,9.0,123.3
1220,0.0,1.5,109.8,1.0,9.0,123.3
1221,0.0,1.5,109.8,1.0,9.0,123.3
1222,0.0,1.5,109.8,1.0,9.0,123.3
1223,0.0,1.5,109.8,1.0,9.0,123.3
1224,0.0,1.5,109.8,1.0,9.0,123.3
1225,0.0,1.5,109.8,1.0,9.0,123.3
1226,0.0,1.5,109.8,1.0,9.0,123.3
1227,0.0,1.5,109.8,1.0,9.0,123.3
1228,0.0,1.5,109.8,1.0,9.0,123.3
1229,0.0,1.5,109.8,1.0,9.0,123.3
1230,0.0,1.5,109.8,1.0,9.0,123.3
1231,0.0,1.5,109.8,1.0,9.0,123.3
1232,0.0,1.5,109.8,1.0,9.0,123.3
1233,0.0,1.0,109.8,1.0,9.0,118.8
1234,0.0,1.0,109.8,1.0,9.0,118.8
1235,0.0,1.0,109.8,1.0,9.0,118.8
1236,0.0,1.0,109.8,1.0,9.0,118.8
1237,0.0,1.0,109.8,1.0,9.0,118.8
1238,0.0,1.0,109.8,1.0,9.0,118.8
1239,0.0,1.0,109.8,1.0,9.0,118.8
1240,0.0,1.0,109.8,1.0,9.0,118.8
1241,0.0,1.0,109.8,1.0,9.0,118.8
1242,0.0,1.5,109.8,1.0,9.0,123.3
1243,0.0,1.5,109.8,1.0,9.0,123.3
1244,0.0,1.5,109.8,1.0,9.0,123.3
1245,0.0,1.5,109.8,1.0,9.0,123.3
1246,0.0,1.5,109.8,1.0,9.0,123.3
1247,0.0,1.5,109.8,1.0,9.0,123.3
1248,0.0,1.5,109.8,1.0,9.0,123.3
1249,0.0,1.5,109.8,1.0,9.0,123.3
1250,0.0,1.5,109.8,1.0,9.0,123.3
1251,0.0,1.5,109.8,1.0,9.0,123.3
1252,0.0,1.5,109.8,1.0,9.0,123.3
1253,0.0,1.5,109.8,1.0,9.0,123.3
1254,0.0,1.5,109.8,1.0,9.0,123.3
1255,0.0,1.5,109.8,1.0,9.0,123.3
1256,820.0,1.5,109.8,1.0,9.0,123.3
1257,976.0,1.0,109.8,1.0,9.0,118.8
1258,873.0,1.0,109.8,1.0,9.0,118.8
1259,2168.0,1.0,109.8,1.0,9.0,118.8
1260,84.0,1.0,109.8,1.0,9.0,118.8
1261,773.0,1.0,109.8,1.0,9.0,118.8
1262,1146.0,1.0,109.8,1.0,9.0,118.8
1263,1275.0,1.0,109.8,1.0,9.0,118.8
1264,5650.0,1.0,109.8,1.0,9.0,118.8
1265,354.0,1.0,109.8,1.0,9.0,118.8
1266,1115.0,1.5,109.8,1.0,9.0,123.3
1267,4364.0,1.5,109.8,1.0,9.0,123.3
1268,1.0,1.5,109.8,1.0,9.0,123.3
1269,256.0,1.5,109.8,1.0,9.0,123.3
1270,214.0,1.5,109.8,1.0,9.0,123.3
1271,204.0,1.5,109.8,1.0,9.0,123.3
1272,148.0,1.5,109.8,1.0,9.0,123.3
1273,66.0,1.5,109.8,1.0,9.0,123.3
1274,222.0,1.5,109.8,1.0,9.0,123.3
1275,140.0,1.5,109.8,1.0,9.0,123.3
1276,68.0,1.5,109.8,1.0,9.0,123.3
1277,149.0,1.5,109.8,1.0,9.0,123.3
1278,342.0,1.5,109.8,1.0,9.0,123.3
1279,693.0,1.5,109.8,1.0,9.0,123.3
1280,1560.0,1.5,109.8,1.0,9.0,123.3
1281,727.0,1.0,109.8,1.0,9.0,118.8
1282,1757.0,1.0,109.8,1.0,9.0,118.8
1283,806.0,1.0,109.8,1.0,9.0,118.8
1284,436.0,1.0,109.8,1.0,9.0,118.8
1285,1468.0,1.0,109.8,1.0,9.0,118.8
1286,2610.0,1.0,109.8,1.0,9.0,118.8
1287,458.0,1.0,109.8,1.0,9.0,118.8
1288,3119.0,1.0,109.8,1.0,9.0,118.8
1289,747.0,1.0,109.8,1.0,9.0,118.8
1290,1410.0,1.5,109.8,1.0,9.0,123.3
1291,2750.0,1.5,109.8,1.0,9.0,123.3
1292,150.0,1.5,109.8,1.0,9.0,123.3
1293,108.0,1.5,109.8,1.0,9.0,123.3
1294,98.0,1.5,109.8,1.0,9.0,123.3
1295,17.0,1.5,109.8,1.0,9.0,123.3
1296,0.0,1.5,109.8,1.0,9.0,123.3
1297,10.0,1.5,109.8,1.0,9.0,123.3
1298,207.0,1.5,109.8,1.0,9.0,123.3
1299,30.0,1.5,109.8,1.0,9.0,123.3
1300,506.0,1.5,109.8,1.0,9.0,123.3
1301,112.0,1.5,109.8,1.0,9.0,123.3
1302,336.0,1.5,109.8,1.0,9.0,123.3
1303,1196.0,1.5,109.8,1.0,9.0,123.3
1304,711.0,1.5,109.8,1.0,9.0,123.3
1305,680.0,1.0,109.8,1.0,9.0,118.8
1306,1431.0,1.0,109.8,1.0,9.0,118.8
1307,755.0,1.0,109.8,1.0,9.0,118.8
1308,24.0,1.0,109.8,1.0,9.0,118.8
1309,1761.0,1.0,109.8,1.0,9.0,118.8
1310,814.0,1.0,109.8,1.0,9.0,118.8
1311,678.0,1.0,109.8,1.0,9.0,118.8
1312,1841.0,1.0,109.8,1.0,9.0,118.8
1313,585.0,1.0,109.8,1.0,9.0,118.8
1314,734.0,1.5,109.8,1.0,9.0,123.3
1315,2359.0,1.5,109.8,1.0,9.0,123.3
1316,4.0,1.5,109.8,1.0,9.0,123.3
1317,1.0,1.5,109.8,1.0,9.0,123.3
1318,200.0,1.5,109.8,1.0,9.0,123.3
1319,4.0,1.5,109.8,1.0,9.0,123.3
1320,0.0,1.5,109.8,1.0,9.0,123.3
1321,21.0,1.5,109.8,1.0,9.0,123.3
1322,47.0,1.5,109.8,1.0,9.0,123.3
1323,0.0,1.5,109.8,1.0,9.0,123.3
1324,122.0,1.5,109.8,1.0,9.0,123.3
1325,840.0,1.5,109.8,1.0,9.0,123.3
1326,0.0,1.5,109.8,1.0,9.0,123.3
1327,1838.0,1.5,109.8,1.0,9.0,123.3
1328,598.0,1.5,109.8,1.0,9.0,123.3
1329,1265.0,1.0,109.8,1.0,9.0,118.8
1330,1117.0,1.0,109.8,1.0,9.0,118.8
1331,3784.0,1.0,109.8,1.0,9.0,118.8
1332,144.0,1.0,109.8,1.0,9.0,118.8
1333,1573.0,1.0,109.8,1.0,9.0,118.8
1334,887.0,1.0,109.8,1.0,9.0,118.8
1335,599.0,1.0,109.8,1.0,9.0,118.8
1336,1763.0,1.0,109.8,1.0,9.0,118.8
1337,1389.0,1.0,109.8,1.0,9.0,118.8
1338,2192.0,1.5,109.8,1.0,9.0,123.3
1339,967.0,1.5,109.8,1.0,9.0,123.3
1340,124.0,1.5,109.8,1.0,9.0,123.3
1341,156.0,1.5,109.8,1.0,9.0,123.3
1342,113.0,1.5,109.8,1.0,9.0,123.3
1343,32.0,1.5,109.8,1.0,9.0,123.3
1344,128.0,1.5,109.8,1.0,9.0,123.3
1345,97.0,1.5,109.8,1.0,9.0,123.3
1346,292.0,1.5,109.8,1.0,9.0,123.3
1347,18.0,1.5,109.8,1.0,9.0,123.3
1348,234.0,1.5,109.8,1.0,9.0,123.3
1349,1.0,1.5,109.8,1.0,9.0,123.3
1350,461.0,1.5,109.8,1.0,9.0,123.3
1351,869.0,1.5,109.8,1.0,9.0,123.3
1352,1037.0,1.5,109.8,1.0,9.0,123.3
1353,761.0,1.0,109.8,1.0,9.0,118.8
1354,474.0,1.0,109.8,1.0,9.0,118.8
1355,2107.0,1.0,109.8,1.0,9.0,118.8
1356,0.0,1.0,109.8,1.0,9.0,118.8
1357,1298.0,1.0,109.8,1.0,9.0,118.8
1358,626.0,1.0,109.8,1.0,9.0,118.8
1359,307.0,1.0,109.8,1.0,9.0,118.8
1360,2479.0,1.0,109.8,1.0,9.0,118.8
1361,2440.0,1.0,109.8,1.0,9.0,118.8
1362,1889.0,1.5,109.8,1.0,9.0,123.3
1363,883.0,1.5,109.8,1.0,9.0,123.3
1364,58.0,1.5,109.8,1.0,9.0,123.3
1365,132.0,1.5,109.8,1.0,9.0,123.3
1366,139.0,1.5,109.8,1.0,9.0,123.3
1367,206.0,1.5,109.8,1.0,9.0,123.3
1368,100.0,1.5,109.8,1.0,9.0,123.3
1369,28.0,1.5,109.8,1.0,9.0,123.3
1370,2.0,1.5,109.8,1.0,9.0,123.3
1371,98.0,1.5,109.8,1.0,9.0,123.3
1372,114.0,1.5,109.8,1.0,9.0,123.3
1373,48.0,1.5,109.8,1.0,9.0,123.3
1374,30.0,1.5,109.8,1.0,9.0,123.3
1375,1939.0,1.5,109.8,1.0,9.0,123.3
1376,6.0,1.5,109.8,1.0,9.0,123.3
1377,0.0,1.0,109.8,1.0,9.0,118.8
1378,0.0,1.0,109.8,1.0,9.0,118.8
1379,0.0,1.0,109.8,1.0,9.0,118.8
1380,0.0,1.0,109.8,1.0,9.0,118.8
1381,0.0,1.0,109.8,1.0,9.0,118.8
1382,0.0,1.0,109.8,1.0,9.0,118.8
1383,0.0,1.0,109.8,1.0,9.0,118.8
1384,0.0,1.0,109.8,1.0,9.0,118.8
1385,0.0,1.0,109.8,1.0,9.0,118.8
1386,0.0,1.5,109.8,1.0,9.0,123.3
1387,0.0,1.5,109.8,1.0,9.0,123.3
1388,0.0,1.5,109.8,1.0,9.0,123.3
1389,0.0,1.5,109.8,1.0,9.0,123.3
1390,0.0,1.5,109.8,1.0,9.0,123.3
1391,0.0,1.5,109.8,1.0,9.0,123.3
1392,0.0,1.5,109.8,1.0,9.0,123.3
1393,0.0,1.5,109.8,1.0,9.0,123.3
1394,0.0,1.5,109.8,1.0,9.0,123.3
1395,0.0,1.5,109.8,1.0,9.0,123.3
1396,0.0,1.5,109.8,1.0,9.0,123.3
1397,0.0,1.5,109.8,1.0,9.0,123.3
1398,0.0,1.5,109.8,1.0,9.0,123.3
1399,0.0,1.5,109.8,1.0,9.0,123.3
1400,0.0,1.5,109.8,1.0,9.0,123.3
1401,0.0,1.0,109.8,1.0,9.0,118.8
1402,0.0,1.0,109.8,1.0,9.0,118.8
1403,0.0,1.0,109.8,1.0,9.0,118.8
1404,0.0,1.0,109.8,1.0,9.0,118.8
1405,0.0,1.0,109.8,1.0,9.0,118.8
1406,0.0,1.0,109.8,1.0,9.0,118.8
1407,0.0,1.0,109.8,1.0,9.0,118.8
1408,0.0,1.0,109.8,1.0,9.0,118.8
1409,0.0,1.0,109.8,1.0,9.0,118.8
1410,0.0,1.5,109.8,1.0,9.0,123.3
1411,0.0,1.5,109.8,1.0,9.0,123.3
1412,0.0,1.5,109.8,1.0,9.0,123.3
1413,0.0,1.5,109.8,1.0,9.0,123.3
1414,0.0,1.5,109.8,1.0,9.0,123.3
1415,0.0,1.5,109.8,1.0,9.0,123.3
1416,0.0,1.5,167.2,1.0,9.0,180.7
1417,0.0,1.5,167.2,1.0,9.0,180.7
1418,0.0,1.5,167.2,1.0,9.0,180.7
1419,0.0,1.5,167.2,1.0,9.0,180.7
1420,0.0,1.5,167.2,1.0,9.0,180.7
1421,0.0,1.5,167.2,1.0,9.0,180.7
1422,0.0,1.5,167.2,1.0,9.0,180.7
1423,0.0,1.5,167.2,1.0,9.0,180.7
1424,0.0,1.5,167.2,1.0,9.0,180.7
1425,0.0,1.0,167.2,1.0,9.0,176.2
1426,0.0,1.0,167.2,1.0,9.0,176.2
1427,0.0,1.0,167.2,1.0,9.0,176.2
1428,0.0,1.0,167.2,1.0,9.0,176.2
1429,0.0,1.0,167.2,1.0,9.0,176.2
1430,0.0,1.0,167.2,1.0,9.0,176.2
1431,0.0,1.0,167.2,1.0,9.0,176.2
1432,0.0,1.0,167.2,1.0,9.0,176.2
1433,0.0,1.0,167.2,1.0,9.0,176.2
1434,0.0,1.5,167.2,1.0,9.0,180.7
1435,0.0,1.5,167.2,1.0,9.0,180.7
1436,0.0,1.5,167.2,1.0,9.0,180.7
1437,0.0,1.5,167.2,1.0,9.0,180.7
1438,0.0,1.5,167.2,1.0,9.0,180.7
1439,0.0,1.5,167.2,1.0,9.0,180.7
1440,0.0,1.5,167.2,1.0,9.0,180.7
1441,0.0,1.5,167.2,1.0,9.0,180.7
1442,0.0,1.5,167.2,1.0,9.0,180.7
1443,0.0,1.5,167.2,1.0,9.0,180.7
1444,0.0,1.5,167.2,1.0,9.0,180.7
1445,0.0,1.5,167.2,1.0,9.0,180.7
1446,0.0,1.5,167.2,1.0,9.0,180.7
1447,25.0,1.5,167.2,1.0,9.0,180.7
1448,375.0,1.5,167.2,1.0,9.0,180.7
1449,660.0,1.0,167.2,1.0,9.0,176.2
1450,527.0,1.0,167.2,1.0,9.0,176.2
1451,703.0,1.0,167.2,1.0,9.0,176.2
1452,305.0,1.0,167.2,1.0,9.0,176.2
1453,869.0,1.0,167.2,1.0,9.0,176.2
1454,884.0,1.0,167.2,1.0,9.0,176.2
1455,1629.0,1.0,167.2,1.0,9.0,176.2
1456,8835.0,1.0,167.2,1.0,9.0,176.2
1457,795.0,1.0,167.2,1.0,9.0,176.2
1458,338.0,1.5,167.2,1.0,9.0,180.7
1459,1898.0,1.5,167.2,1.0,9.0,180.7
1460,64.0,1.5,167.2,1.0,9.0,180.7
1461,67.0,1.5,167.2,1.0,9.0,180.7
1462,98.0,1.5,167.2,1.0,9.0,180.7
1463,195.0,1.5,167.2,1.0,9.0,180.7
1464,56.0,1.5,167.2,1.0,9.0,180.7
1465,436.0,1.5,167.2,1.0,9.0,180.7
1466,56.0,1.5,167.2,1.0,9.0,180.7
1467,30.0,1.5,167.2,1.0,9.0,180.7
1468,26.0,1.5,167.2,1.0,9.0,180.7
1469,430.0,1.5,167.2,1.0,9.0,180.7
1470,98.0,1.5,167.2,1.0,9.0,180.7
1471,1251.0,1.5,167.2,1.0,9.0,180.7
1472,321.0,1.5,167.2,1.0,9.0,180.7
1473,1038.0,1.0,167.2,1.0,9.0,176.2
1474,697.0,1.0,167.2,1.0,9.0,176.2
1475,1264.0,1.0,167.2,1.0,9.0,176.2
1476,333.0,1.0,167.2,1.0,9.0,176.2
1477,654.0,1.0,167.2,1.0,9.0,176.2
1478,2720.0,1.0,167.2,1.0,9.0,176.2
1479,365.0,1.0,167.2,1.0,9.0,176.2
1480,2492.0,1.0,167.2,1.0,9.0,176.2
1481,1141.0,1.0,167.2,1.0,9.0,176.2
1482,184.0,1.5,167.2,1.0,9.0,180.7
1483,3330.0,1.5,167.2,1.0,9.0,180.7
1484,190.0,1.5,167.2,1.0,9.0,180.7
1485,72.0,1.5,167.2,1.0,9.0,180.7
1486,36.0,1.5,167.2,1.0,9.0,180.7
1487,0.0,1.5,167.2,1.0,9.0,180.7
1488,508.0,1.5,167.2,1.0,9.0,180.7
1489,15.0,1.5,167.2,1.0,9.0,180.7
1490,10.0,1.5,167.2,1.0,9.0,180.7
1491,450.0,1.5,167.2,1.0,9.0,180.7
1492,148.0,1.5,167.2,1.0,9.0,180.7
1493,26.0,1.5,167.2,1.0,9.0,180.7
1494,16.0,1.5,167.2,1.0,9.0,180.7
1495,1771.0,1.5,167.2,1.0,9.0,180.7
1496,469.0,1.5,167.2,1.0,9.0,180.7
1497,1343.0,1.0,167.2,1.0,9.0,176.2
1498,790.0,1.0,167.2,1.0,9.0,176.2
1499,1291.0,1.0,167.2,1.0,9.0,176.2
1500,0.0,1.0,167.2,1.0,9.0,176.2
1501,903.0,1.0,167.2,1.0,9.0,176.2
1502,757.0,1.0,167.2,1.0,9.0,176.2
1503,976.0,1.0,167.2,1.0,9.0,176.2
1504,1605.0,1.0,167.2,1.0,9.0,176.2
1505,251.0,1.0,167.2,1.0,9.0,176.2
1506,615.0,1.5,167.2,1.0,9.0,180.7
1507,2126.0,1.5,167.2,1.0,9.0,180.7
1508,1.0,1.5,167.2,1.0,9.0,180.7
1509,171.0,1.5,167.2,1.0,9.0,180.7
1510,16.0,1.5,167.2,1.0,9.0,180.7
1511,242.0,1.5,167.2,1.0,9.0,180.7
1512,0.0,1.5,167.2,1.0,9.0,180.7
1513,0.0,1.5,167.2,1.0,9.0,180.7
1514,0.0,1.5,167.2,1.0,9.0,180.7
1515,0.0,1.5,167.2,1.0,9.0,180.7
1516,0.0,1.5,167.2,1.0,9.0,180.7
1517,0.0,1.5,167.2,1.0,9.0,180.7
1518,0.0,1.5,167.2,1.0,9.0,180.7
1519,0.0,1.5,167.2,1.0,9.0,180.7
1520,0.0,1.5,167.2,1.0,9.0,180.7
1521,0.0,1.0,167.2,1.0,9.0,176.2
1522,0.0,1.0,167.2,1.0,9.0,176.2
1523,0.0,1.0,167.2,1.0,9.0,176.2
1524,0.0,1.0,167.2,1.0,9.0,176.2
1525,0.0,1.0,167.2,1.0,9.0,176.2
1526,0.0,1.0,167.2,1.0,9.0,176.2
1527,0.0,1.0,167.2,1.0,9.0,176.2
1528,0.0,1.0,167.2,1.0,9.0,176.2
1529,0.0,1.0,167.2,1.0,9.0,176.2
1530,0.0,1.5,167.2,1.0,9.0,180.7
1531,0.0,1.5,167.2,1.0,9.0,180.7
1532,0.0,1.5,167.2,1.0,9.0,180.7
1533,0.0,1.5,167.2,1.0,9.0,180.7
1534,0.0,1.5,167.2,1.0,9.0,180.7
1535,0.0,1.5,167.2,1.0,9.0,180.7
1536,36.0,1.5,167.2,1.0,9.0,180.7
1537,71.0,1.5,167.2,1.0,9.0,180.7
1538,290.0,1.5,167.2,1.0,9.0,180.7
1539,120.0,1.5,167.2,1.0,9.0,180.7
1540,4.0,1.5,167.2,1.0,9.0,180.7
1541,160.0,1.5,167.2,1.0,9.0,180.7
1542,213.0,1.5,167.2,1.0,9.0,180.7
1543,1468.0,1.5,167.2,1.0,9.0,180.7
1544,0.0,1.5,167.2,1.0,9.0,180.7
1545,0.0,1.0,167.2,1.0,9.0,176.2
1546,0.0,1.0,167.2,1.0,9.0,176.2
1547,0.0,1.0,167.2,1.0,9.0,176.2
1548,0.0,1.0,167.2,1.0,9.0,176.2
1549,0.0,1.0,167.2,1.0,9.0,176.2
1550,0.0,1.0,167.2,1.0,9.0,176.2
1551,0.0,1.0,167.2,1.0,9.0,176.2
1552,0.0,1.0,167.2,1.0,9.0,176.2
1553,0.0,1.0,167.2,1.0,9.0,176.2
1554,0.0,1.5,167.2,1.0,9.0,180.7
1555,0.0,1.5,167.2,1.0,9.0,180.7
1556,0.0,1.5,167.2,1.0,9.0,180.7
1557,0.0,1.5,167.2,1.0,9.0,180.7
1558,0.0,1.5,167.2,1.0,9.0,180.7
1559,0.0,1.5,167.2,1.0,9.0,180.7
1560,0.0,1.5,167.2,1.0,9.0,180.7
1561,0.0,1.5,167.2,1.0,9.0,180.7
1562,0.0,1.5,167.2,1.0,9.0,180.7
1563,0.0,1.5,167.2,1.0,9.0,180.7
1564,0.0,1.5,167.2,1.0,9.0,180.7
1565,0.0,1.5,167.2,1.0,9.0,180.7
1566,0.0,1.5,167.2,1.0,9.0,180.7
1567,0.0,1.5,167.2,1.0,9.0,180.7
1568,0.0,1.5,167.2,1.0,9.0,180.7
1569,0.0,1.0,167.2,1.0,9.0,176.2
1570,0.0,1.0,167.2,1.0,9.0,176.2
1571,0.0,1.0,167.2,1.0,9.0,176.2
1572,0.0,1.0,167.2,1.0,9.0,176.2
1573,0.0,1.0,167.2,1.0,9.0,176.2
1574,0.0,1.0,167.2,1.0,9.0,176.2
1575,0.0,1.0,167.2,1.0,9.0,176.2
1576,0.0,1.0,167.2,1.0,9.0,176.2
1577,0.0,1.0,167.2,1.0,9.0,176.2
1578,0.0,1.5,167.2,1.0,9.0,180.7
1579,0.0,1.5,167.2,1.0,9.0,180.7
1580,0.0,1.5,167.2,1.0,9.0,180.7
1581,0.0,1.5,167.2,1.0,9.0,180.7
1582,0.0,1.5,167.2,1.0,9.0,180.7
1583,0.0,1.5,167.2,1.0,9.0,180.7
1584,0.0,1.5,167.2,1.0,9.0,180.7
1585,0.0,1.5,167.2,1.0,9.0,180.7
1586,0.0,1.5,167.2,1.0,9.0,180.7
1587,0.0,1.5,167.2,1.0,9.0,180.7
1588,0.0,1.5,167.2,1.0,9.0,180.7
1589,0.0,1.5,167.2,1.0,9.0,180.7
1590,0.0,1.5,167.2,1.0,9.0,180.7
1591,0.0,1.5,167.2,1.0,9.0,180.7
1592,369.0,1.5,167.2,1.0,9.0,180.7
1593,434.0,1.0,167.2,1.0,9.0,176.2
1594,286.0,1.0,167.2,1.0,9.0,176.2
1595,1740.0,1.0,167.2,1.0,9.0,176.2
1596,120.0,1.0,167.2,1.0,9.0,176.2
1597,1771.0,1.0,167.2,1.0,9.0,176.2
1598,1976.0,1.0,167.2,1.0,9.0,176.2
1599,1024.0,1.0,167.2,1.0,9.0,176.2
1600,1002.0,1.0,167.2,1.0,9.0,176.2
1601,736.0,1.0,167.2,1.0,9.0,176.2
1602,1891.0,1.5,167.2,1.0,9.0,180.7
1603,2879.0,1.5,167.2,1.0,9.0,180.7
1604,10.0,1.5,167.2,1.0,9.0,180.7
1605,15.0,1.5,167.2,1.0,9.0,180.7
1606,95.0,1.5,167.2,1.0,9.0,180.7
1607,14.0,1.5,167.2,1.0,9.0,180.7
1608,0.0,1.5,167.2,1.0,9.0,180.7
1609,54.0,1.5,167.2,1.0,9.0,180.7
1610,192.0,1.5,167.2,1.0,9.0,180.7
1611,70.0,1.5,167.2,1.0,9.0,180.7
1612,30.0,1.5,167.2,1.0,9.0,180.7
1613,84.0,1.5,167.2,1.0,9.0,180.7
1614,244.0,1.5,167.2,1.0,9.0,180.7
1615,825.0,1.5,167.2,1.0,9.0,180.7
1616,552.0,1.5,167.2,1.0,9.0,180.7
1617,727.0,1.0,167.2,1.0,9.0,176.2
1618,688.0,1.0,167.2,1.0,9.0,176.2
1619,1359.0,1.0,167.2,1.0,9.0,176.2
1620,20.0,1.0,167.2,1.0,9.0,176.2
1621,851.0,1.0,167.2,1.0,9.0,176.2
1622,5260.0,1.0,167.2,1.0,9.0,176.2
1623,835.0,1.0,167.2,1.0,9.0,176.2
1624,1622.0,1.0,167.2,1.0,9.0,176.2
1625,114.0,1.0,167.2,1.0,9.0,176.2
1626,1264.0,1.5,167.2,1.0,9.0,180.7
1627,2191.0,1.5,167.2,1.0,9.0,180.7
1628,59.0,1.5,167.2,1.0,9.0,180.7
1629,209.0,1.5,167.2,1.0,9.0,180.7
1630,194.0,1.5,167.2,1.0,9.0,180.7
1631,48.0,1.5,167.2,1.0,9.0,180.7
1632,0.0,1.5,167.2,1.0,9.0,180.7
1633,240.0,1.5,167.2,1.0,9.0,180.7
1634,418.0,1.5,167.2,1.0,9.0,180.7
1635,0.0,1.5,167.2,1.0,9.0,180.7
1636,81.0,1.5,167.2,1.0,9.0,180.7
1637,10.0,1.5,167.2,1.0,9.0,180.7
1638,194.0,1.5,167.2,1.0,9.0,180.7
1639,830.0,1.5,167.2,1.0,9.0,180.7
1640,115.0,1.5,167.2,1.0,9.0,180.7
1641,1503.0,1.0,167.2,1.0,9.0,176.2
1642,918.0,1.0,167.2,1.0,9.0,176.2
1643,1057.0,1.0,167.2,1.0,9.0,176.2
1644,40.0,1.0,167.2,1.0,9.0,176.2
1645,802.0,1.0,167.2,1.0,9.0,176.2
1646,1522.0,1.0,167.2,1.0,9.0,176.2
1647,1007.0,1.0,167.2,1.0,9.0,176.2
1648,231.0,1.0,167.2,1.0,9.0,176.2
1649,1283.0,1.0,167.2,1.0,9.0,176.2
1650,854.0,1.5,167.2,1.0,9.0,180.7
1651,2332.0,1.5,167.2,1.0,9.0,180.7
1652,14.0,1.5,167.2,1.0,9.0,180.7
1653,8.0,1.5,167.2,1.0,9.0,180.7
1654,60.0,1.5,167.2,1.0,9.0,180.7
1655,0.0,1.5,167.2,1.0,9.0,180.7
1656,0.0,1.5,167.2,1.0,9.0,180.7
1657,698.0,1.5,167.2,1.0,9.0,180.7
1658,102.0,1.5,167.2,1.0,9.0,180.7
1659,97.0,1.5,167.2,1.0,9.0,180.7
1660,200.0,1.5,167.2,1.0,9.0,180.7
1661,18.0,1.5,167.2,1.0,9.0,180.7
1662,1240.0,1.5,167.2,1.0,9.0,180.7
1663,336.0,1.5,167.2,1.0,9.0,180.7
1664,875.0,1.5,167.2,1.0,9.0,180.7
1665,1337.0,1.0,167.2,1.0,9.0,176.2
1666,1430.0,1.0,167.2,1.0,9.0,176.2
1667,3577.0,1.0,167.2,1.0,9.0,176.2
1668,109.0,1.0,167.2,1.0,9.0,176.2
1669,463.0,1.0,167.2,1.0,9.0,176.2
1670,643.0,1.0,167.2,1.0,9.0,176.2
1671,577.0,1.0,167.2,1.0,9.0,176.2
1672,720.0,1.0,167.2,1.0,9.0,176.2
1673,532.0,1.0,167.2,1.0,9.0,176.2
1674,1032.0,1.5,167.2,1.0,9.0,180.7
1675,3434.0,1.5,167.2,1.0,9.0,180.7
1676,1.0,1.5,167.2,1.0,9.0,180.7
1677,392.0,1.5,167.2,1.0,9.0,180.7
1678,20.0,1.5,167.2,1.0,9.0,180.7
1679,66.0,1.5,167.2,1.0,9.0,180.7
1680,0.0,1.5,167.2,1.0,9.0,180.7
1681,0.0,1.5,167.2,1.0,9.0,180.7
1682,0.0,1.5,167.2,1.0,9.0,180.7
1683,0.0,1.5,167.2,1.0,9.0,180.7
1684,0.0,1.5,167.2,1.0,9.0,180.7
1685,0.0,1.5,167.2,1.0,9.0,180.7
1686,0.0,1.5,167.2,1.0,9.0,180.7
1687,0.0,1.5,167.2,1.0,9.0,180.7
1688,0.0,1.5,167.2,1.0,9.0,180.7
1689,0.0,1.0,167.2,1.0,9.0,176.2
1690,0.0,1.0,167.2,1.0,9.0,176.2
1691,0.0,1.0,167.2,1.0,9.0,176.2
1692,0.0,1.0,167.2,1.0,9.0,176.2
1693,0.0,1.0,167.2,1.0,9.0,176.2
1694,0.0,1.0,167.2,1.0,9.0,176.2
1695,0.0,1.0,167.2,1.0,9.0,176.2
1696,0.0,1.0,167.2,1.0,9.0,176.2
1697,0.0,1.0,167.2,1.0,9.0,176.2
1698,0.0,1.5,167.2,1.0,9.0,180.7
1699,0.0,1.5,167.2,1.0,9.0,180.7
1700,0.0,1.5,167.2,1.0,9.0,180.7
1701,0.0,1.5,167.2,1.0,9.0,180.7
1702,0.0,1.5,167.2,1.0,9.0,180.7
1703,0.0,1.5,167.2,1.0,9.0,180.7
1704,0.0,1.5,167.2,1.0,9.0,180.7
1705,95.0,1.5,167.2,1.0,9.0,180.7
1706,120.0,1.5,167.2,1.0,9.0,180.7
1707,76.0,1.5,167.2,1.0,9.0,180.7
1708,20.0,1.5,167.2,1.0,9.0,180.7
1709,22.0,1.5,167.2,1.0,9.0,180.7
1710,107.0,1.5,167.2,1.0,9.0,180.7
1711,1164.0,1.5,167.2,1.0,9.0,180.7
1712,2.0,1.5,167.2,1.0,9.0,180.7
1713,0.0,1.0,167.2,1.0,9.0,176.2
1714,0.0,1.0,167.2,1.0,9.0,176.2
1715,0.0,1.0,167.2,1.0,9.0,176.2
1716,0.0,1.0,167.2,1.0,9.0,176.2
1717,0.0,1.0,167.2,1.0,9.0,176.2
1718,0.0,1.0,167.2,1.0,9.0,176.2
1719,0.0,1.0,167.2,1.0,9.0,176.2
1720,0.0,1.0,167.2,1.0,9.0,176.2
1721,0.0,1.0,167.2,1.0,9.0,176.2
1722,0.0,1.5,167.2,1.0,9.0,180.7
1723,0.0,1.5,167.2,1.0,9.0,180.7
1724,4.0,1.5,167.2,1.0,9.0,180.7
1725,0.0,1.5,167.2,1.0,9.0,180.7
1726,0.0,1.5,167.2,1.0,9.0,180.7
1727,0.0,1.5,167.2,1.0,9.0,180.7
1728,0.0,1.5,167.2,1.0,9.0,180.7
1729,0.0,1.5,167.2,1.0,9.0,180.7
1730,0.0,1.5,167.2,1.0,9.0,180.7
1731,0.0,1.5,167.2,1.0,9.0,180.7
1732,0.0,1.5,167.2,1.0,9.0,180.7
1733,0.0,1.5,167.2,1.0,9.0,180.7
1734,0.0,1.5,167.2,1.0,9.0,180.7
1735,0.0,1.5,167.2,1.0,9.0,180.7
1736,0.0,1.5,167.2,1.0,9.0,180.7
1737,0.0,1.0,167.2,1.0,9.0,176.2
1738,0.0,1.0,167.2,1.0,9.0,176.2
1739,0.0,1.0,167.2,1.0,9.0,176.2
1740,0.0,1.0,167.2,1.0,9.0,176.2
1741,0.0,1.0,167.2,1.0,9.0,176.2
1742,0.0,1.0,167.2,1.0,9.0,176.2
1743,0.0,1.0,167.2,1.0,9.0,176.2
1744,0.0,1.0,167.2,1.0,9.0,176.2
1745,0.0,1.0,167.2,1.0,9.0,176.2
1746,0.0,1.5,167.2,1.0,9.0,180.7
1747,0.0,1.5,167.2,1.0,9.0,180.7
1748,0.0,1.5,167.2,1.0,9.0,180.7
1749,0.0,1.5,167.2,1.0,9.0,180.7
1750,0.0,1.5,167.2,1.0,9.0,180.7
1751,0.0,1.5,167.2,1.0,9.0,180.7
1752,0.0,1.5,167.2,1.0,9.0,180.7
1753,0.0,1.5,167.2,1.0,9.0,180.7
1754,0.0,1.5,167.2,1.0,9.0,180.7
1755,0.0,1.5,167.2,1.0,9.0,180.7
1756,0.0,1.5,167.2,1.0,9.0,180.7
1757,0.0,1.5,167.2,1.0,9.0,180.7
1758,0.0,1.5,167.2,1.0,9.0,180.7
1759,0.0,1.5,167.2,1.0,9.0,180.7
1760,1007.0,1.5,167.2,1.0,9.0,180.7
1761,1074.0,1.0,167.2,1.0,9.0,176.2
1762,686.0,1.0,167.2,1.0,9.0,176.2
1763,1661.0,1.0,167.2,1.0,9.0,176.2
1764,5207.0,1.0,167.2,1.0,9.0,176.2
1765,1059.0,1.0,167.2,1.0,9.0,176.2
1766,635.0,1.0,167.2,1.0,9.0,176.2
1767,564.0,1.0,167.2,1.0,9.0,176.2
1768,1163.0,1.0,167.2,1.0,9.0,176.2
1769,387.0,1.0,167.2,1.0,9.0,176.2
1770,1401.0,1.5,167.2,1.0,9.0,180.7
1771,1123.0,1.5,167.2,1.0,9.0,180.7
1772,13.0,1.5,167.2,1.0,9.0,180.7
1773,19.0,1.5,167.2,1.0,9.0,180.7
1774,336.0,1.5,167.2,1.0,9.0,180.7
1775,38.0,1.5,167.2,1.0,9.0,180.7
1776,42.0,1.5,167.2,1.0,9.0,180.7
1777,570.0,1.5,167.2,1.0,9.0,180.7
1778,472.0,1.5,167.2,1.0,9.0,180.7
1779,243.0,1.5,167.2,1.0,9.0,180.7
1780,246.0,1.5,167.2,1.0,9.0,180.7
1781,904.0,1.5,167.2,1.0,9.0,180.7
1782,53.0,1.5,167.2,1.0,9.0,180.7
1783,546.0,1.5,167.2,1.0,9.0,180.7
1784,931.0,1.5,167.2,1.0,9.0,180.7
1785,818.0,1.0,167.2,1.0,9.0,176.2
1786,951.0,1.0,167.2,1.0,9.0,176.2
1787,1316.0,1.0,167.2,1.0,9.0,176.2
1788,1512.0,1.0,167.2,1.0,9.0,176.2
1789,1250.0,1.0,167.2,1.0,9.0,176.2
1790,891.0,1.0,167.2,1.0,9.0,176.2
1791,1848.0,1.0,167.2,1.0,9.0,176.2
1792,1117.0,1.0,167.2,1.0,9.0,176.2
1793,486.0,1.0,167.2,1.0,9.0,176.2
1794,2767.0,1.5,167.2,1.0,9.0,180.7
1795,2234.0,1.5,167.2,1.0,9.0,180.7
1796,61.0,1.5,167.2,1.0,9.0,180.7
1797,12.0,1.5,167.2,1.0,9.0,180.7
1798,15.0,1.5,167.2,1.0,9.0,180.7
1799,156.0,1.5,167.2,1.0,9.0,180.7
1800,96.0,1.5,167.2,1.0,9.0,180.7
1801,162.0,1.5,167.2,1.0,9.0,180.7
1802,116.0,1.5,167.2,1.0,9.0,180.7
1803,213.0,1.5,167.2,1.0,9.0,180.7
1804,118.0,1.5,167.2,1.0,9.0,180.7
1805,9.0,1.5,167.2,1.0,9.0,180.7
1806,567.0,1.5,167.2,1.0,9.0,180.7
1807,334.0,1.5,167.2,1.0,9.0,180.7
1808,258.0,1.5,167.2,1.0,9.0,180.7
1809,561.0,1.0,167.2,1.0,9.0,176.2
1810,512.0,1.0,167.2,1.0,9.0,176.2
1811,1685.0,1.0,167.2,1.0,9.0,176.2
1812,0.0,1.0,167.2,1.0,9.0,176.2
1813,1088.0,1.0,167.2,1.0,9.0,176.2
1814,636.0,1.0,167.2,1.0,9.0,176.2
1815,4218.0,1.0,167.2,1.0,9.0,176.2
1816,1929.0,1.0,167.2,1.0,9.0,176.2
1817,970.0,1.0,167.2,1.0,9.0,176.2
1818,1414.0,1.5,167.2,1.0,9.0,180.7
1819,516.0,1.5,167.2,1.0,9.0,180.7
1820,81.0,1.5,167.2,1.0,9.0,180.7
1821,159.0,1.5,167.2,1.0,9.0,180.7
1822,93.0,1.5,167.2,1.0,9.0,180.7
1823,72.0,1.5,167.2,1.0,9.0,180.7
1824,160.0,1.5,167.2,1.0,9.0,180.7
1825,108.0,1.5,167.2,1.0,9.0,180.7
1826,260.0,1.5,167.2,1.0,9.0,180.7
1827,128.0,1.5,167.2,1.0,9.0,180.7
1828,22.0,1.5,167.2,1.0,9.0,180.7
1829,335.0,1.5,167.2,1.0,9.0,180.7
1830,244.0,1.5,167.2,1.0,9.0,180.7
1831,453.0,1.5,167.2,1.0,9.0,180.7
1832,309.0,1.5,167.2,1.0,9.0,180.7
1833,2626.0,1.0,167.2,1.0,9.0,176.2
1834,597.0,1.0,167.2,1.0,9.0,176.2
1835,644.0,1.0,167.2,1.0,9.0,176.2
1836,203.0,1.0,167.2,1.0,9.0,176.2
1837,3045.0,1.0,167.2,1.0,9.0,176.2
1838,1120.0,1.0,167.2,1.0,9.0,176.2
1839,225.0,1.0,167.2,1.0,9.0,176.2
1840,1290.0,1.0,167.2,1.0,9.0,176.2
1841,224.0,1.0,167.2,1.0,9.0,176.2
1842,2472.0,1.5,167.2,1.0,9.0,180.7
1843,932.0,1.5,167.2,1.0,9.0,180.7
1844,0.0,1.5,167.2,1.0,9.0,180.7
1845,431.0,1.5,167.2,1.0,9.0,180.7
1846,104.0,1.5,167.2,1.0,9.0,180.7
1847,7.0,1.5,167.2,1.0,9.0,180.7
1848,0.0,1.5,167.2,1.0,9.0,180.7
1849,0.0,1.5,167.2,1.0,9.0,180.7
1850,0.0,1.5,167.2,1.0,9.0,180.7
1851,0.0,1.5,167.2,1.0,9.0,180.7
1852,0.0,1.5,167.2,1.0,9.0,180.7
1853,0.0,1.5,167.2,1.0,9.0,180.7
1854,0.0,1.5,167.2,1.0,9.0,180.7
1855,0.0,1.5,167.2,1.0,9.0,180.7
1856,0.0,1.5,167.2,1.0,9.0,180.7
1857,0.0,1.0,167.2,1.0,9.0,176.2
1858,0.0,1.0,167.2,1.0,9.0,176.2
1859,0.0,1.0,167.2,1.0,9.0,176.2
1860,0.0,1.0,167.2,1.0,9.0,176.2
1861,0.0,1.0,167.2,1.0,9.0,176.2
1862,0.0,1.0,167.2,1.0,9.0,176.2
1863,0.0,1.0,167.2,1.0,9.0,176.2
1864,0.0,1.0,167.2,1.0,9.0,176.2
1865,0.0,1.0,167.2,1.0,9.0,176.2
1866,0.0,1.5,167.2,1.0,9.0,180.7
1867,0.0,1.5,167.2,1.0,9.0,180.7
1868,0.0,1.5,167.2,1.0,9.0,180.7
1869,0.0,1.5,167.2,1.0,9.0,180.7
1870,0.0,1.5,167.2,1.0,9.0,180.7
1871,0.0,1.5,167.2,1.0,9.0,180.7
1872,24.0,1.5,167.2,1.0,9.0,180.7
1873,108.0,1.5,167.2,1.0,9.0,180.7
1874,0.0,1.5,167.2,1.0,9.0,180.7
1875,192.0,1.5,167.2,1.0,9.0,180.7
1876,24.0,1.5,167.2,1.0,9.0,180.7
1877,56.0,1.5,167.2,1.0,9.0,180.7
1878,220.0,1.5,167.2,1.0,9.0,180.7
1879,673.0,1.5,167.2,1.0,9.0,180.7
1880,0.0,1.5,167.2,1.0,9.0,180.7
1881,0.0,1.0,167.2,1.0,9.0,176.2
1882,0.0,1.0,167.2,1.0,9.0,176.2
1883,0.0,1.0,167.2,1.0,9.0,176.2
1884,0.0,1.0,167.2,1.0,9.0,176.2
1885,0.0,1.0,167.2,1.0,9.0,176.2
1886,0.0,1.0,167.2,1.0,9.0,176.2
1887,0.0,1.0,167.2,1.0,9.0,176.2
1888,0.0,1.0,167.2,1.0,9.0,176.2
1889,0.0,1.0,167.2,1.0,9.0,176.2
1890,0.0,1.5,167.2,1.0,9.0,180.7
1891,0.0,1.5,167.2,1.0,9.0,180.7
1892,0.0,1.5,167.2,1.0,9.0,180.7
1893,0.0,1.5,167.2,1.0,9.0,180.7
1894,0.0,1.5,167.2,1.0,9.0,180.7
1895,0.0,1.5,167.2,1.0,9.0,180.7
1896,0.0,1.5,167.2,1.0,9.0,180.7
1897,0.0,1.5,167.2,1.0,9.0,180.7
1898,0.0,1.5,167.2,1.0,9.0,180.7
1899,0.0,1.5,167.2,1.0,9.0,180.7
1900,0.0,1.5,167.2,1.0,9.0,180.7
1901,0.0,1.5,167.2,1.0,9.0,180.7
1902,0.0,1.5,167.2,1.0,9.0,180.7
1903,0.0,1.5,167.2,1.0,9.0,180.7
1904,0.0,1.5,167.2,1.0,9.0,180.7
1905,0.0,1.0,167.2,1.0,9.0,176.2
1906,0.0,1.0,167.2,1.0,9.0,176.2
1907,0.0,1.0,167.2,1.0,9.0,176.2
1908,0.0,1.0,167.2,1.0,9.0,176.2
1909,0.0,1.0,167.2,1.0,9.0,176.2
1910,0.0,1.0,167.2,1.0,9.0,176.2
1911,0.0,1.0,167.2,1.0,9.0,176.2
1912,0.0,1.0,167.2,1.0,9.0,176.2
1913,0.0,1.0,167.2,1.0,9.0,176.2
1914,0.0,1.5,167.2,1.0,9.0,180.7
1915,0.0,1.5,167.2,1.0,9.0,180.7
1916,0.0,1.5,167.2,1.0,9.0,180.7
1917,0.0,1.5,167.2,1.0,9.0,180.7
1918,0.0,1.5,167.2,1.0,9.0,180.7
1919,0.0,1.5,167.2,1.0,9.0,180.7
1920,0.0,1.5,167.2,1.0,9.0,180.7
1921,0.0,1.5,167.2,1.0,9.0,180.7
1922,0.0,1.5,167.2,1.0,9.0,180.7
1923,0.0,1.5,167.2,1.0,9.0,180.7
1924,0.0,1.5,167.2,1.0,9.0,180.7
1925,0.0,1.5,167.2,1.0,9.0,180.7
1926,0.0,1.5,167.2,1.0,9.0,180.7
1927,0.0,1.5,167.2,1.0,9.0,180.7
1928,855.0,1.5,167.2,1.0,9.0,180.7
1929,710.0,1.0,167.2,1.0,9.0,176.2
1930,2924.0,1.0,167.2,1.0,9.0,176.2
1931,1318.0,1.0,167.2,1.0,9.0,176.2
1932,1133.0,1.0,167.2,1.0,9.0,176.2
1933,781.0,1.0,167.2,1.0,9.0,176.2
1934,3513.0,1.0,167.2,1.0,9.0,176.2
1935,1272.0,1.0,167.2,1.0,9.0,176.2
1936,1557.0,1.0,167.2,1.0,9.0,176.2
1937,1143.0,1.0,167.2,1.0,9.0,176.2
1938,2718.0,1.5,167.2,1.0,9.0,180.7
1939,2545.0,1.5,167.2,1.0,9.0,180.7
1940,221.0,1.5,167.2,1.0,9.0,180.7
1941,101.0,1.5,167.2,1.0,9.0,180.7
1942,41.0,1.5,167.2,1.0,9.0,180.7
1943,37.0,1.5,167.2,1.0,9.0,180.7
1944,74.0,1.5,167.2,1.0,9.0,180.7
1945,166.0,1.5,167.2,1.0,9.0,180.7
1946,115.0,1.5,167.2,1.0,9.0,180.7
1947,65.0,1.5,167.2,1.0,9.0,180.7
1948,195.0,1.5,167.2,1.0,9.0,180.7
1949,154.0,1.5,167.2,1.0,9.0,180.7
1950,24.0,1.5,167.2,1.0,9.0,180.7
1951,783.0,1.5,167.2,1.0,9.0,180.7
1952,429.0,1.5,167.2,1.0,9.0,180.7
1953,1010.0,1.0,167.2,1.0,9.0,176.2
1954,170.0,1.0,167.2,1.0,9.0,176.2
1955,2543.0,1.0,167.2,1.0,9.0,176.2
1956,141.0,1.0,167.2,1.0,9.0,176.2
1957,1052.0,1.0,167.2,1.0,9.0,176.2
1958,9830.0,1.0,167.2,1.0,9.0,176.2
1959,553.0,1.0,167.2,1.0,9.0,176.2
1960,1358.0,1.0,167.2,1.0,9.0,176.2
1961,926.0,1.0,167.2,1.0,9.0,176.2
1962,1369.0,1.5,167.2,1.0,9.0,180.7
1963,40.0,1.5,167.2,1.0,9.0,180.7
1964,1.0,1.5,167.2,1.0,9.0,180.7
1965,8.0,1.5,167.2,1.0,9.0,180.7
1966,395.0,1.5,167.2,1.0,9.0,180.7
1967,17.0,1.5,167.2,1.0,9.0,180.7
1968,136.0,1.5,167.2,1.0,9.0,180.7
1969,54.0,1.5,167.2,1.0,9.0,180.7
1970,157.0,1.5,167.2,1.0,9.0,180.7
1971,154.0,1.5,167.2,1.0,9.0,180.7
1972,36.0,1.5,167.2,1.0,9.0,180.7
1973,226.0,1.5,167.2,1.0,9.0,180.7
1974,0.0,1.5,167.2,1.0,9.0,180.7
1975,969.0,1.5,167.2,1.0,9.0,180.7
1976,524.0,1.5,167.2,1.0,9.0,180.7
1977,1343.0,1.0,167.2,1.0,9.0,176.2
1978,742.0,1.0,167.2,1.0,9.0,176.2
1979,536.0,1.0,167.2,1.0,9.0,176.2
1980,89.0,1.0,167.2,1.0,9.0,176.2
1981,1998.0,1.0,167.2,1.0,9.0,176.2
1982,2394.0,1.0,167.2,1.0,9.0,176.2
1983,1070.0,1.0,167.2,1.0,9.0,176.2
1984,1332.0,1.0,167.2,1.0,9.0,176.2
1985,335.0,1.0,167.2,1.0,9.0,176.2
1986,1729.0,1.5,167.2,1.0,9.0,180.7
1987,1932.0,1.5,167.2,1.0,9.0,180.7
1988,0.0,1.5,167.2,1.0,9.0,180.7
1989,335.0,1.5,167.2,1.0,9.0,180.7
1990,0.0,1.5,167.2,1.0,9.0,180.7
1991,193.0,1.5,167.2,1.0,9.0,180.7
1992,0.0,1.5,167.2,1.0,9.0,180.7
1993,166.0,1.5,167.2,1.0,9.0,180.7
1994,21.0,1.5,167.2,1.0,9.0,180.7
1995,9.0,1.5,167.2,1.0,9.0,180.7
1996,458.0,1.5,167.2,1.0,9.0,180.7
1997,0.0,1.5,167.2,1.0,9.0,180.7
1998,93.0,1.5,167.2,1.0,9.0,180.7
1999,916.0,1.5,167.2,1.0,9.0,180.7
2000,615.0,1.5,167.2,1.0,9.0,180.7
2001,866.0,1.0,167.2,1.0,9.0,176.2
2002,1223.0,1.0,167.2,1.0,9.0,176.2
2003,727.0,1.0,167.2,1.0,9.0,176.2
2004,0.0,1.0,167.2,1.0,9.0,176.2
2005,1322.0,1.0,167.2,1.0,9.0,176.2
2006,6064.0,1.0,167.2,1.0,9.0,176.2
2007,2397.0,1.0,167.2,1.0,9.0,176.2
2008,635.0,1.0,167.2,1.0,9.0,176.2
2009,396.0,1.0,167.2,1.0,9.0,176.2
2010,1411.0,1.5,167.2,1.0,9.0,180.7
2011,986.0,1.5,167.2,1.0,9.0,180.7
2012,1.0,1.5,167.2,1.0,9.0,180.7
2013,125.0,1.5,167.2,1.0,9.0,180.7
2014,378.0,1.5,167.2,1.0,9.0,180.7
2015,58.0,1.5,167.2,1.0,9.0,180.7
2016,0.0,1.5,167.2,1.0,9.0,180.7
2017,0.0,1.5,167.2,1.0,9.0,180.7
2018,0.0,1.5,167.2,1.0,9.0,180.7
2019,0.0,1.5,167.2,1.0,9.0,180.7
2020,0.0,1.5,167.2,1.0,9.0,180.7
2021,0.0,1.5,167.2,1.0,9.0,180.7
2022,0.0,1.5,167.2,1.0,9.0,180.7
2023,0.0,1.5,167.2,1.0,9.0,180.7
2024,0.0,1.5,167.2,1.0,9.0,180.7
2025,0.0,1.0,167.2,1.0,9.0,176.2
2026,0.0,1.0,167.2,1.0,9.0,176.2
2027,0.0,1.0,167.2,1.0,9.0,176.2
2028,0.0,1.0,167.2,1.0,9.0,176.2
2029,0.0,1.0,167.2,1.0,9.0,176.2
2030,0.0,1.0,167.2,1.0,9.0,176.2
2031,0.0,1.0,167.2,1.0,9.0,176.2
2032,0.0,1.0,167.2,1.0,9.0,176.2
2033,0.0,1.0,167.2,1.0,9.0,176.2
2034,0.0,1.5,167.2,1.0,9.0,180.7
2035,0.0,1.5,167.2,1.0,9.0,180.7
2036,0.0,1.5,167.2,1.0,9.0,180.7
2037,0.0,1.5,167.2,1.0,9.0,180.7
2038,0.0,1.5,167.2,1.0,9.0,180.7
2039,0.0,1.5,167.2,1.0,9.0,180.7
2040,0.0,1.5,167.2,1.0,9.0,180.7
2041,390.0,1.5,167.2,1.0,9.0,180.7
2042,60.0,1.5,167.2,1.0,9.0,180.7
2043,4.0,1.5,167.2,1.0,9.0,180.7
2044,678.0,1.5,167.2,1.0,9.0,180.7
2045,44.0,1.5,167.2,1.0,9.0,180.7
2046,31.0,1.5,167.2,1.0,9.0,180.7
2047,760.0,1.5,167.2,1.0,9.0,180.7
2048,0.0,1.5,167.2,1.0,9.0,180.7
2049,0.0,1.0,167.2,1.0,9.0,176.2
2050,0.0,1.0,167.2,1.0,9.0,176.2
2051,0.0,1.0,167.2,1.0,9.0,176.2
2052,0.0,1.0,167.2,1.0,9.0,176.2
2053,0.0,1.0,167.2,1.0,9.0,176.2
2054,0.0,1.0,167.2,1.0,9.0,176.2
2055,0.0,1.0,167.2,1.0,9.0,176.2
2056,0.0,1.0,167.2,1.0,9.0,176.2
2057,0.0,1.0,167.2,1.0,9.0,176.2
2058,0.0,1.5,167.2,1.0,9.0,180.7
2059,0.0,1.5,167.2,1.0,9.0,180.7
2060,0.0,1.5,167.2,1.0,9.0,180.7
2061,0.0,1.5,167.2,1.0,9.0,180.7
2062,0.0,1.5,167.2,1.0,9.0,180.7
2063,0.0,1.5,167.2,1.0,9.0,180.7
2064,0.0,1.5,167.2,1.0,9.0,180.7
2065,0.0,1.5,167.2,1.0,9.0,180.7
2066,0.0,1.5,167.2,1.0,9.0,180.7
2067,0.0,1.5,167.2,1.0,9.0,180.7
2068,0.0,1.5,167.2,1.0,9.0,180.7
2069,0.0,1.5,167.2,1.0,9.0,180.7
2070,0.0,1.5,167.2,1.0,9.0,180.7
2071,0.0,1.5,167.2,1.0,9.0,180.7
2072,0.0,1.5,167.2,1.0,9.0,180.7
2073,0.0,1.0,167.2,1.0,9.0,176.2
2074,0.0,1.0,167.2,1.0,9.0,176.2
2075,0.0,1.0,167.2,1.0,9.0,176.2
2076,0.0,1.0,167.2,1.0,9.0,176.2
2077,0.0,1.0,167.2,1.0,9.0,176.2
2078,0.0,1.0,167.2,1.0,9.0,176.2
2079,0.0,1.0,167.2,1.0,9.0,176.2
2080,0.0,1.0,167.2,1.0,9.0,176.2
2081,0.0,1.0,167.2,1.0,9.0,176.2
2082,0.0,1.5,167.2,1.0,9.0,180.7
2083,0.0,1.5,167.2,1.0,9.0,180.7
2084,0.0,1.5,167.2,1.0,9.0,180.7
2085,0.0,1.5,167.2,1.0,9.0,180.7
2086,0.0,1.5,167.2,1.0,9.0,180.7
2087,0.0,1.5,167.2,1.0,9.0,180.7
2088,0.0,1.5,167.2,1.0,9.0,180.7
2089,0.0,1.5,167.2,1.0,9.0,180.7
2090,0.0,1.5,167.2,1.0,9.0,180.7
2091,0.0,1.5,167.2,1.0,9.0,180.7
2092,0.0,1.5,167.2,1.0,9.0,180.7
2093,0.0,1.5,167.2,1.0,9.0,180.7
2094,0.0,1.5,167.2,1.0,9.0,180.7
2095,10.0,1.5,167.2,1.0,9.0,180.7
2096,1644.0,1.5,167.2,1.0,9.0,180.7
2097,1648.0,1.0,167.2,1.0,9.0,176.2
2098,720.0,1.0,167.2,1.0,9.0,176.2
2099,1059.0,1.0,167.2,1.0,9.0,176.2
2100,52.0,1.0,167.2,1.0,9.0,176.2
2101,669.0,1.0,167.2,1.0,9.0,176.2
2102,1152.0,1.0,167.2,1.0,9.0,176.2
2103,271.0,1.0,167.2,1.0,9.0,176.2
2104,2375.0,1.0,167.2,1.0,9.0,176.2
2105,294.0,1.0,167.2,1.0,9.0,176.2
2106,1408.0,1.5,167.2,1.0,9.0,180.7
2107,3513.0,1.5,167.2,1.0,9.0,180.7
2108,370.0,1.5,167.2,1.0,9.0,180.7
2109,62.0,1.5,167.2,1.0,9.0,180.7
2110,204.0,1.5,167.2,1.0,9.0,180.7
2111,51.0,1.5,167.2,1.0,9.0,180.7
2112,252.0,1.5,167.2,1.0,9.0,180.7
2113,24.0,1.5,167.2,1.0,9.0,180.7
2114,272.0,1.5,167.2,1.0,9.0,180.7
2115,1796.0,1.5,167.2,1.0,9.0,180.7
2116,358.0,1.5,167.2,1.0,9.0,180.7
2117,775.0,1.5,167.2,1.0,9.0,180.7
2118,144.0,1.5,167.2,1.0,9.0,180.7
2119,534.0,1.5,167.2,1.0,9.0,180.7
2120,736.0,1.5,167.2,1.0,9.0,180.7
2121,1209.0,1.0,167.2,1.0,9.0,176.2
2122,1037.0,1.0,167.2,1.0,9.0,176.2
2123,1193.0,1.0,167.2,1.0,9.0,176.2
2124,7208.0,1.0,167.2,1.0,9.0,176.2
2125,946.0,1.0,167.2,1.0,9.0,176.2
2126,904.0,1.0,167.2,1.0,9.0,176.2
2127,61.0,1.0,167.2,1.0,9.0,176.2
2128,1290.0,1.0,167.2,1.0,9.0,176.2
2129,1514.0,1.0,167.2,1.0,9.0,176.2
2130,984.0,1.5,167.2,1.0,9.0,180.7
2131,2347.0,1.5,167.2,1.0,9.0,180.7
2132,15.0,1.5,167.2,1.0,9.0,180.7
2133,187.0,1.5,167.2,1.0,9.0,180.7
2134,26.0,1.5,167.2,1.0,9.0,180.7
2135,400.0,1.5,167.2,1.0,9.0,180.7
2136,0.0,1.5,167.2,1.0,9.0,180.7
2137,0.0,1.5,167.2,1.0,9.0,180.7
2138,0.0,1.5,167.2,1.0,9.0,180.7
2139,0.0,1.5,167.2,1.0,9.0,180.7
2140,0.0,1.5,167.2,1.0,9.0,180.7
2141,0.0,1.5,167.2,1.0,9.0,180.7
2142,0.0,1.5,167.2,1.0,9.0,180.7
2143,0.0,1.5,167.2,1.0,9.0,180.7
2144,0.0,1.5,167.2,1.0,9.0,180.7
2145,0.0,1.0,167.2,1.0,9.0,176.2
2146,0.0,1.0,167.2,1.0,9.0,176.2
2147,0.0,1.0,167.2,1.0,9.0,176.2
2148,0.0,1.0,167.2,1.0,9.0,176.2
2149,0.0,1.0,167.2,1.0,9.0,176.2
2150,0.0,1.0,167.2,1.0,9.0,176.2
2151,0.0,1.0,167.2,1.0,9.0,176.2
2152,0.0,1.0,167.2,1.0,9.0,176.2
2153,0.0,1.0,167.2,1.0,9.0,176.2
2154,0.0,1.5,167.2,1.0,9.0,180.7
2155,0.0,1.5,167.2,1.0,9.0,180.7
2156,0.0,1.5,167.2,1.0,9.0,180.7
2157,0.0,1.5,167.2,1.0,9.0,180.7
2158,0.0,1.5,167.2,1.0,9.0,180.7
2159,0.0,1.5,167.2,1.0,9.0,180.7
2160,0.0,1.5,167.2,1.0,9.0,180.7
2161,332.0,1.5,167.2,1.0,9.0,180.7
2162,77.0,1.5,167.2,1.0,9.0,180.7
2163,682.0,1.5,167.2,1.0,9.0,180.7
2164,0.0,1.5,167.2,1.0,9.0,180.7
2165,48.0,1.5,167.2,1.0,9.0,180.7
2166,71.0,1.5,167.2,1.0,9.0,180.7
2167,1231.0,1.5,167.2,1.0,9.0,180.7
2168,398.0,1.5,167.2,1.0,9.0,180.7
2169,802.0,1.0,167.2,1.0,9.0,176.2
2170,298.0,1.0,167.2,1.0,9.0,176.2
2171,823.0,1.0,167.2,1.0,9.0,176.2
2172,35.0,1.0,167.2,1.0,9.0,176.2
2173,529.0,1.0,167.2,1.0,9.0,176.2
2174,1062.0,1.0,167.2,1.0,9.0,176.2
2175,392.0,1.0,167.2,1.0,9.0,176.2
2176,4140.0,1.0,167.2,1.0,9.0,176.2
2177,206.0,1.0,167.2,1.0,9.0,176.2
2178,1652.0,1.5,167.2,1.0,9.0,180.7
2179,1634.0,1.5,167.2,1.0,9.0,180.7
2180,105.0,1.5,167.2,1.0,9.0,180.7
2181,21.0,1.5,167.2,1.0,9.0,180.7
2182,253.0,1.5,167.2,1.0,9.0,180.7
2183,30.0,1.5,167.2,1.0,9.0,180.7
2184,30.0,1.5,167.2,1.0,9.0,180.7
2185,0.0,1.5,167.2,1.0,9.0,180.7
2186,634.0,1.5,167.2,1.0,9.0,180.7
2187,102.0,1.5,167.2,1.0,9.0,180.7
2188,89.0,1.5,167.2,1.0,9.0,180.7
2189,45.0,1.5,167.2,1.0,9.0,180.7
2190,62.0,1.5,167.2,1.0,9.0,180.7
2191,1172.0,1.5,167.2,1.0,9.0,180.7
2192,0.0,1.5,167.2,1.0,9.0,180.7
2193,0.0,1.0,167.2,1.0,9.0,176.2
2194,0.0,1.0,167.2,1.0,9.0,176.2
2195,0.0,1.0,167.2,1.0,9.0,176.2
2196,0.0,1.0,167.2,1.0,9.0,176.2
2197,0.0,1.0,167.2,1.0,9.0,176.2
2198,0.0,1.0,167.2,1.0,9.0,176.2
2199,0.0,1.0,167.2,1.0,9.0,176.2
2200,0.0,1.0,167.2,1.0,9.0,176.2
2201,0.0,1.0,167.2,1.0,9.0,176.2
2202,0.0,1.5,167.2,1.0,9.0,180.7
2203,0.0,1.5,167.2,1.0,9.0,180.7
2204,0.0,1.5,167.2,1.0,9.0,180.7
2205,0.0,1.5,167.2,1.0,9.0,180.7
2206,0.0,1.5,167.2,1.0,9.0,180.7
2207,0.0,1.5,167.2,1.0,9.0,180.7
2208,0.0,1.5,167.2,1.0,9.0,180.7
2209,0.0,1.5,167.2,1.0,9.0,180.7
2210,0.0,1.5,167.2,1.0,9.0,180.7
2211,0.0,1.5,167.2,1.0,9.0,180.7
2212,0.0,1.5,167.2,1.0,9.0,180.7
2213,0.0,1.5,167.2,1.0,9.0,180.7
2214,0.0,1.5,167.2,1.0,9.0,180.7
2215,56.0,1.5,167.2,1.0,9.0,180.7
2216,0.0,1.5,167.2,1.0,9.0,180.7
2217,0.0,1.0,167.2,1.0,9.0,176.2
2218,0.0,1.0,167.2,1.0,9.0,176.2
2219,0.0,1.0,167.2,1.0,9.0,176.2
2220,0.0,1.0,167.2,1.0,9.0,176.2
2221,0.0,1.0,167.2,1.0,9.0,176.2
2222,0.0,1.0,167.2,1.0,9.0,176.2
2223,0.0,1.0,167.2,1.0,9.0,176.2
2224,0.0,1.0,167.2,1.0,9.0,176.2
2225,0.0,1.0,167.2,1.0,9.0,176.2
2226,0.0,1.5,167.2,1.0,9.0,180.7
2227,0.0,1.5,167.2,1.0,9.0,180.7
2228,0.0,1.5,167.2,1.0,9.0,180.7
2229,0.0,1.5,167.2,1.0,9.0,180.7
2230,0.0,1.5,167.2,1.0,9.0,180.7
2231,0.0,1.5,167.2,1.0,9.0,180.7
2232,0.0,1.5,167.2,1.0,9.0,180.7
2233,0.0,1.5,167.2,1.0,9.0,180.7
2234,0.0,1.5,167.2,1.0,9.0,180.7
2235,0.0,1.5,167.2,1.0,9.0,180.7
2236,0.0,1.5,167.2,1.0,9.0,180.7
2237,0.0,1.5,167.2,1.0,9.0,180.7
2238,0.0,1.5,167.2,1.0,9.0,180.7
2239,0.0,1.5,167.2,1.0,9.0,180.7
2240,0.0,1.5,167.2,1.0,9.0,180.7
2241,0.0,1.0,167.2,1.0,9.0,176.2
2242,0.0,1.0,167.2,1.0,9.0,176.2
2243,0.0,1.0,167.2,1.0,9.0,176.2
2244,0.0,1.0,167.2,1.0,9.0,176.2
2245,0.0,1.0,167.2,1.0,9.0,176.2
2246,0.0,1.0,167.2,1.0,9.0,176.2
2247,0.0,1.0,167.2,1.0,9.0,176.2
2248,0.0,1.0,167.2,1.0,9.0,176.2
2249,0.0,1.0,167.2,1.0,9.0,176.2
2250,0.0,1.5,167.2,1.0,9.0,180.7
2251,0.0,1.5,167.2,1.0,9.0,180.7
2252,0.0,1.5,167.2,1.0,9.0,180.7
2253,0.0,1.5,167.2,1.0,9.0,180.7
2254,0.0,1.5,167.2,1.0,9.0,180.7
2255,0.0,1.5,167.2,1.0,9.0,180.7
2256,0.0,1.5,167.2,1.0,9.0,180.7
2257,0.0,1.5,167.2,1.0,9.0,180.7
2258,0.0,1.5,167.2,1.0,9.0,180.7
2259,0.0,1.5,167.2,1.0,9.0,180.7
2260,0.0,1.5,167.2,1.0,9.0,180.7
2261,0.0,1.5,167.2,1.0,9.0,180.7
2262,0.0,1.5,167.2,1.0,9.0,180.7
2263,0.0,1.5,167.2,1.0,9.0,180.7
2264,1029.0,1.5,167.2,1.0,9.0,180.7
2265,940.0,1.0,167.2,1.0,9.0,176.2
2266,1371.0,1.0,167.2,1.0,9.0,176.2
2267,2272.0,1.0,167.2,1.0,9.0,176.2
2268,72.0,1.0,167.2,1.0,9.0,176.2
2269,1267.0,1.0,167.2,1.0,9.0,176.2
2270,607.0,1.0,167.2,1.0,9.0,176.2
2271,4275.0,1.0,167.2,1.0,9.0,176.2
2272,1158.0,1.0,167.2,1.0,9.0,176.2
2273,771.0,1.0,167.2,1.0,9.0,176.2
2274,1184.0,1.5,167.2,1.0,9.0,180.7
2275,2358.0,1.5,167.2,1.0,9.0,180.7
2276,102.0,1.5,167.2,1.0,9.0,180.7
2277,10.0,1.5,167.2,1.0,9.0,180.7
2278,269.0,1.5,167.2,1.0,9.0,180.7
2279,24.0,1.5,167.2,1.0,9.0,180.7
2280,156.0,1.5,167.2,1.0,9.0,180.7
2281,212.0,1.5,167.2,1.0,9.0,180.7
2282,5.0,1.5,167.2,1.0,9.0,180.7
2283,37.0,1.5,167.2,1.0,9.0,180.7
2284,13.0,1.5,167.2,1.0,9.0,180.7
2285,319.0,1.5,167.2,1.0,9.0,180.7
2286,182.0,1.5,167.2,1.0,9.0,180.7
2287,531.0,1.5,167.2,1.0,9.0,180.7
2288,1007.0,1.5,167.2,1.0,9.0,180.7
2289,984.0,1.0,167.2,1.0,9.0,176.2
2290,927.0,1.0,167.2,1.0,9.0,176.2
2291,1223.0,1.0,167.2,1.0,9.0,176.2
2292,3566.0,1.0,167.2,1.0,9.0,176.2
2293,960.0,1.0,167.2,1.0,9.0,176.2
2294,1218.0,1.0,167.2,1.0,9.0,176.2
2295,1342.0,1.0,167.2,1.0,9.0,176.2
2296,868.0,1.0,167.2,1.0,9.0,176.2
2297,218.0,1.0,167.2,1.0,9.0,176.2
2298,1330.0,1.5,167.2,1.0,9.0,180.7
2299,2259.0,1.5,167.2,1.0,9.0,180.7
2300,101.0,1.5,167.2,1.0,9.0,180.7
2301,18.0,1.5,167.2,1.0,9.0,180.7
2302,68.0,1.5,167.2,1.0,9.0,180.7
2303,516.0,1.5,167.2,1.0,9.0,180.7
2304,0.0,1.5,167.2,1.0,9.0,180.7
2305,182.0,1.5,167.2,1.0,9.0,180.7
2306,250.0,1.5,167.2,1.0,9.0,180.7
2307,10.0,1.5,167.2,1.0,9.0,180.7
2308,151.0,1.5,167.2,1.0,9.0,180.7
2309,283.0,1.5,167.2,1.0,9.0,180.7
2310,136.0,1.5,167.2,1.0,9.0,180.7
2311,593.0,1.5,167.2,1.0,9.0,180.7
2312,669.0,1.5,167.2,1.0,9.0,180.7
2313,892.0,1.0,167.2,1.0,9.0,176.2
2314,1027.0,1.0,167.2,1.0,9.0,176.2
2315,1113.0,1.0,167.2,1.0,9.0,176.2
2316,2836.0,1.0,167.2,1.0,9.0,176.2
2317,427.0,1.0,167.2,1.0,9.0,176.2
2318,1325.0,1.0,167.2,1.0,9.0,176.2
2319,1691.0,1.0,167.2,1.0,9.0,176.2
2320,579.0,1.0,167.2,1.0,9.0,176.2
2321,567.0,1.0,167.2,1.0,9.0,176.2
2322,1427.0,1.5,167.2,1.0,9.0,180.7
2323,1745.0,1.5,167.2,1.0,9.0,180.7
2324,13.0,1.5,167.2,1.0,9.0,180.7
2325,460.0,1.5,167.2,1.0,9.0,180.7
2326,70.0,1.5,167.2,1.0,9.0,180.7
2327,110.0,1.5,167.2,1.0,9.0,180.7
2328,0.0,1.5,167.2,1.0,9.0,180.7
2329,131.0,1.5,167.2,1.0,9.0,180.7
2330,112.0,1.5,167.2,1.0,9.0,180.7
2331,48.0,1.5,167.2,1.0,9.0,180.7
2332,70.0,1.5,167.2,1.0,9.0,180.7
2333,316.0,1.5,167.2,1.0,9.0,180.7
2334,350.0,1.5,167.2,1.0,9.0,180.7
2335,826.0,1.5,167.2,1.0,9.0,180.7
2336,458.0,1.5,167.2,1.0,9.0,180.7
2337,1501.0,1.0,167.2,1.0,9.0,176.2
2338,474.0,1.0,167.2,1.0,9.0,176.2
2339,702.0,1.0,167.2,1.0,9.0,176.2
2340,938.0,1.0,167.2,1.0,9.0,176.2
2341,825.0,1.0,167.2,1.0,9.0,176.2
2342,1241.0,1.0,167.2,1.0,9.0,176.2
2343,2328.0,1.0,167.2,1.0,9.0,176.2
2344,825.0,1.0,167.2,1.0,9.0,176.2
2345,386.0,1.0,167.2,1.0,9.0,176.2
2346,1904.0,1.5,167.2,1.0,9.0,180.7
2347,1058.0,1.5,167.2,1.0,9.0,180.7
2348,171.0,1.5,167.2,1.0,9.0,180.7
2349,110.0,1.5,167.2,1.0,9.0,180.7
2350,0.0,1.5,167.2,1.0,9.0,180.7
2351,294.0,1.5,167.2,1.0,9.0,180.7
2352,27.0,1.5,167.2,1.0,9.0,180.7
2353,60.0,1.5,167.2,1.0,9.0,180.7
2354,243.0,1.5,167.2,1.0,9.0,180.7
2355,279.0,1.5,167.2,1.0,9.0,180.7
2356,2.0,1.5,167.2,1.0,9.0,180.7
2357,118.0,1.5,167.2,1.0,9.0,180.7
2358,123.0,1.5,167.2,1.0,9.0,180.7
2359,440.0,1.5,167.2,1.0,9.0,180.7
2360,342.0,1.5,167.2,1.0,9.0,180.7
2361,411.0,1.0,167.2,1.0,9.0,176.2
2362,663.0,1.0,167.2,1.0,9.0,176.2
2363,1501.0,1.0,167.2,1.0,9.0,176.2
2364,160.0,1.0,167.2,1.0,9.0,176.2
2365,2943.0,1.0,167.2,1.0,9.0,176.2
2366,1731.0,1.0,167.2,1.0,9.0,176.2
2367,1514.0,1.0,167.2,1.0,9.0,176.2
2368,1633.0,1.0,167.2,1.0,9.0,176.2
2369,325.0,1.0,167.2,1.0,9.0,176.2
2370,983.0,1.5,167.2,1.0,9.0,180.7
2371,2300.0,1.5,167.2,1.0,9.0,180.7
2372,39.0,1.5,167.2,1.0,9.0,180.7
2373,8.0,1.5,167.2,1.0,9.0,180.7
2374,50.0,1.5,167.2,1.0,9.0,180.7
2375,0.0,1.5,167.2,1.0,9.0,180.7
2376,25.0,1.5,167.2,1.0,9.0,180.7
2377,34.0,1.5,167.2,1.0,9.0,180.7
2378,917.0,1.5,167.2,1.0,9.0,180.7
2379,0.0,1.5,167.2,1.0,9.0,180.7
2380,30.0,1.5,167.2,1.0,9.0,180.7
2381,0.0,1.5,167.2,1.0,9.0,180.7
2382,692.0,1.5,167.2,1.0,9.0,180.7
2383,1351.0,1.5,167.2,1.0,9.0,180.7
2384,6.0,1.5,167.2,1.0,9.0,180.7
2385,0.0,1.0,167.2,1.0,9.0,176.2
2386,0.0,1.0,167.2,1.0,9.0,176.2
2387,0.0,1.0,167.2,1.0,9.0,176.2
2388,0.0,1.0,167.2,1.0,9.0,176.2
2389,0.0,1.0,167.2,1.0,9.0,176.2
2390,0.0,1.0,167.2,1.0,9.0,176.2
2391,0.0,1.0,167.2,1.0,9.0,176.2
2392,0.0,1.0,167.2,1.0,9.0,176.2
2393,0.0,1.0,167.2,1.0,9.0,176.2
2394,0.0,1.5,167.2,1.0,9.0,180.7
2395,0.0,1.5,167.2,1.0,9.0,180.7
2396,0.0,1.5,167.2,1.0,9.0,180.7
2397,0.0,1.5,167.2,1.0,9.0,180.7
2398,0.0,1.5,167.2,1.0,9.0,180.7
2399,0.0,1.5,167.2,1.0,9.0,180.7
2400,0.0,1.5,167.2,1.0,9.0,180.7
2401,0.0,1.5,167.2,1.0,9.0,180.7
2402,0.0,1.5,167.2,1.0,9.0,180.7
2403,0.0,1.5,167.2,1.0,9.0,180.7
2404,0.0,1.5,167.2,1.0,9.0,180.7
2405,0.0,1.5,167.2,1.0,9.0,180.7
2406,0.0,1.5,167.2,1.0,9.0,180.7
2407,0.0,1.5,167.2,1.0,9.0,180.7
2408,0.0,1.5,167.2,1.0,9.0,180.7
2409,0.0,1.0,167.2,1.0,9.0,176.2
2410,0.0,1.0,167.2,1.0,9.0,176.2
2411,0.0,1.0,167.2,1.0,9.0,176.2
2412,0.0,1.0,167.2,1.0,9.0,176.2
2413,0.0,1.0,167.2,1.0,9.0,176.2
2414,0.0,1.0,167.2,1.0,9.0,176.2
2415,0.0,1.0,167.2,1.0,9.0,176.2
2416,0.0,1.0,167.2,1.0,9.0,176.2
2417,0.0,1.0,167.2,1.0,9.0,176.2
2418,0.0,1.5,167.2,1.0,9.0,180.7
2419,0.0,1.5,167.2,1.0,9.0,180.7
2420,0.0,1.5,167.2,1.0,9.0,180.7
2421,0.0,1.5,167.2,1.0,9.0,180.7
2422,0.0,1.5,167.2,1.0,9.0,180.7
2423,0.0,1.5,167.2,1.0,9.0,180.7
2424,0.0,1.5,167.2,1.0,9.0,180.7
2425,0.0,1.5,167.2,1.0,9.0,180.7
2426,0.0,1.5,167.2,1.0,9.0,180.7
2427,0.0,1.5,167.2,1.0,9.0,180.7
2428,0.0,1.5,167.2,1.0,9.0,180.7
2429,0.0,1.5,167.2,1.0,9.0,180.7
2430,0.0,1.5,167.2,1.0,9.0,180.7
2431,0.0,1.5,167.2,1.0,9.0,180.7
2432,1007.0,1.5,167.2,1.0,9.0,180.7
2433,876.0,1.0,167.2,1.0,9.0,176.2
2434,1032.0,1.0,167.2,1.0,9.0,176.2
2435,4888.0,1.0,167.2,1.0,9.0,176.2
2436,305.0,1.0,167.2,1.0,9.0,176.2
2437,580.0,1.0,167.2,1.0,9.0,176.2
2438,431.0,1.0,167.2,1.0,9.0,176.2
2439,880.0,1.0,167.2,1.0,9.0,176.2
2440,690.0,1.0,167.2,1.0,9.0,176.2
2441,1920.0,1.0,167.2,1.0,9.0,176.2
2442,740.0,1.5,167.2,1.0,9.0,180.7
2443,2676.0,1.5,167.2,1.0,9.0,180.7
2444,6.0,1.5,167.2,1.0,9.0,180.7
2445,0.0,1.5,167.2,1.0,9.0,180.7
2446,28.0,1.5,167.2,1.0,9.0,180.7
2447,67.0,1.5,167.2,1.0,9.0,180.7
2448,0.0,1.5,167.2,1.0,9.0,180.7
2449,0.0,1.5,167.2,1.0,9.0,180.7
2450,134.0,1.5,167.2,1.0,9.0,180.7
2451,0.0,1.5,167.2,1.0,9.0,180.7
2452,172.0,1.5,167.2,1.0,9.0,180.7
2453,0.0,1.5,167.2,1.0,9.0,180.7
2454,84.0,1.5,167.2,1.0,9.0,180.7
2455,474.0,1.5,167.2,1.0,9.0,180.7
2456,889.0,1.5,167.2,1.0,9.0,180.7
2457,1381.0,1.0,167.2,1.0,9.0,176.2
2458,938.0,1.0,167.2,1.0,9.0,176.2
2459,1241.0,1.0,167.2,1.0,9.0,176.2
2460,44.0,1.0,167.2,1.0,9.0,176.2
2461,1208.0,1.0,167.2,1.0,9.0,176.2
2462,1086.0,1.0,167.2,1.0,9.0,176.2
2463,1368.0,1.0,167.2,1.0,9.0,176.2
2464,2151.0,1.0,167.2,1.0,9.0,176.2
2465,5156.0,1.0,167.2,1.0,9.0,176.2
2466,1023.0,1.5,167.2,1.0,9.0,180.7
2467,2808.0,1.5,167.2,1.0,9.0,180.7
2468,14.0,1.5,167.2,1.0,9.0,180.7
2469,340.0,1.5,167.2,1.0,9.0,180.7
2470,150.0,1.5,167.2,1.0,9.0,180.7
2471,189.0,1.5,167.2,1.0,9.0,180.7
2472,0.0,1.5,167.2,1.0,9.0,180.7
2473,66.0,1.5,167.2,1.0,9.0,180.7
2474,719.0,1.5,167.2,1.0,9.0,180.7
2475,36.0,1.5,167.2,1.0,9.0,180.7
2476,10.0,1.5,167.2,1.0,9.0,180.7
2477,549.0,1.5,167.2,1.0,9.0,180.7
2478,226.0,1.5,167.2,1.0,9.0,180.7
2479,692.0,1.5,167.2,1.0,9.0,180.7
2480,982.0,1.5,167.2,1.0,9.0,180.7
2481,1260.0,1.0,167.2,1.0,9.0,176.2
2482,1193.0,1.0,167.2,1.0,9.0,176.2
2483,1227.0,1.0,167.2,1.0,9.0,176.2
2484,532.0,1.0,167.2,1.0,9.0,176.2
2485,1032.0,1.0,167.2,1.0,9.0,176.2
2486,2635.0,1.0,167.2,1.0,9.0,176.2
2487,960.0,1.0,167.2,1.0,9.0,176.2
2488,2275.0,1.0,167.2,1.0,9.0,176.2
2489,351.0,1.0,167.2,1.0,9.0,176.2
2490,842.0,1.5,167.2,1.0,9.0,180.7
2491,1789.0,1.5,167.2,1.0,9.0,180.7
2492,30.0,1.5,167.2,1.0,9.0,180.7
2493,104.0,1.5,167.2,1.0,9.0,180.7
2494,123.0,1.5,167.2,1.0,9.0,180.7
2495,78.0,1.5,167.2,1.0,9.0,180.7
2496,240.0,1.5,167.2,1.0,9.0,180.7
2497,219.0,1.5,167.2,1.0,9.0,180.7
2498,116.0,1.5,167.2,1.0,9.0,180.7
2499,0.0,1.5,167.2,1.0,9.0,180.7
2500,1.0,1.5,167.2,1.0,9.0,180.7
2501,82.0,1.5,167.2,1.0,9.0,180.7
2502,0.0,1.5,167.2,1.0,9.0,180.7
2503,1477.0,1.5,167.2,1.0,9.0,180.7
2504,766.0,1.5,167.2,1.0,9.0,180.7
2505,1672.0,1.0,167.2,1.0,9.0,176.2
2506,492.0,1.0,167.2,1.0,9.0,176.2
2507,1021.0,1.0,167.2,1.0,9.0,176.2
2508,21.0,1.0,167.2,1.0,9.0,176.2
2509,1022.0,1.0,167.2,1.0,9.0,176.2
2510,1613.0,1.0,167.2,1.0,9.0,176.2
2511,662.0,1.0,167.2,1.0,9.0,176.2
2512,1543.0,1.0,167.2,1.0,9.0,176.2
2513,653.0,1.0,167.2,1.0,9.0,176.2
2514,1531.0,1.5,167.2,1.0,9.0,180.7
2515,2318.0,1.5,167.2,1.0,9.0,180.7
2516,10.0,1.5,167.2,1.0,9.0,180.7
2517,102.0,1.5,167.2,1.0,9.0,180.7
2518,572.0,1.5,167.2,1.0,9.0,180.7
2519,69.0,1.5,167.2,1.0,9.0,180.7
2520,0.0,1.5,167.2,1.0,9.0,180.7
2521,304.0,1.5,167.2,1.0,9.0,180.7
2522,243.0,1.5,167.2,1.0,9.0,180.7
2523,40.0,1.5,167.2,1.0,9.0,180.7
2524,140.0,1.5,167.2,1.0,9.0,180.7
2525,35.0,1.5,167.2,1.0,9.0,180.7
2526,48.0,1.5,167.2,1.0,9.0,180.7
2527,1429.0,1.5,167.2,1.0,9.0,180.7
2528,459.0,1.5,167.2,1.0,9.0,180.7
2529,780.0,1.0,167.2,1.0,9.0,176.2
2530,961.0,1.0,167.2,1.0,9.0,176.2
2531,3628.0,1.0,167.2,1.0,9.0,176.2
2532,3130.0,1.0,167.2,1.0,9.0,176.2
2533,1657.0,1.0,167.2,1.0,9.0,176.2
2534,1804.0,1.0,167.2,1.0,9.0,176.2
2535,621.0,1.0,167.2,1.0,9.0,176.2
2536,1025.0,1.0,167.2,1.0,9.0,176.2
2537,720.0,1.0,167.2,1.0,9.0,176.2
2538,877.0,1.5,167.2,1.0,9.0,180.7
2539,1519.0,1.5,167.2,1.0,9.0,180.7
2540,98.0,1.5,167.2,1.0,9.0,180.7
2541,58.0,1.5,167.2,1.0,9.0,180.7
2542,141.0,1.5,167.2,1.0,9.0,180.7
2543,36.0,1.5,167.2,1.0,9.0,180.7
2544,239.0,1.5,167.2,1.0,9.0,180.7
2545,325.0,1.5,167.2,1.0,9.0,180.7
2546,117.0,1.5,167.2,1.0,9.0,180.7
2547,151.0,1.5,167.2,1.0,9.0,180.7
2548,292.0,1.5,167.2,1.0,9.0,180.7
2549,20.0,1.5,167.2,1.0,9.0,180.7
2550,144.0,1.5,167.2,1.0,9.0,180.7
2551,1690.0,1.5,167.2,1.0,9.0,180.7
2552,0.0,1.5,167.2,1.0,9.0,180.7
2553,0.0,1.0,167.2,1.0,9.0,176.2
2554,0.0,1.0,167.2,1.0,9.0,176.2
2555,0.0,1.0,167.2,1.0,9.0,176.2
2556,0.0,1.0,167.2,1.0,9.0,176.2
2557,0.0,1.0,167.2,1.0,9.0,176.2
2558,0.0,1.0,167.2,1.0,9.0,176.2
2559,0.0,1.0,167.2,1.0,9.0,176.2
2560,0.0,1.0,167.2,1.0,9.0,176.2
2561,0.0,1.0,167.2,1.0,9.0,176.2
2562,0.0,1.5,167.2,1.0,9.0,180.7
2563,0.0,1.5,167.2,1.0,9.0,180.7
2564,0.0,1.5,167.2,1.0,9.0,180.7
2565,0.0,1.5,167.2,1.0,9.0,180.7
2566,0.0,1.5,167.2,1.0,9.0,180.7
2567,0.0,1.5,167.2,1.0,9.0,180.7
2568,0.0,1.5,167.2,1.0,9.0,180.7
2569,0.0,1.5,167.2,1.0,9.0,180.7
2570,0.0,1.5,167.2,1.0,9.0,180.7
2571,0.0,1.5,167.2,1.0,9.0,180.7
2572,0.0,1.5,167.2,1.0,9.0,180.7
2573,0.0,1.5,167.2,1.0,9.0,180.7
2574,0.0,1.5,167.2,1.0,9.0,180.7
2575,0.0,1.5,167.2,1.0,9.0,180.7
2576,0.0,1.5,167.2,1.0,9.0,180.7
2577,0.0,1.0,167.2,1.0,9.0,176.2
2578,0.0,1.0,167.2,1.0,9.0,176.2
2579,0.0,1.0,167.2,1.0,9.0,176.2
2580,0.0,1.0,167.2,1.0,9.0,176.2
2581,0.0,1.0,167.2,1.0,9.0,176.2
2582,0.0,1.0,167.2,1.0,9.0,176.2
2583,0.0,1.0,167.2,1.0,9.0,176.2
2584,0.0,1.0,167.2,1.0,9.0,176.2
2585,0.0,1.0,167.2,1.0,9.0,176.2
2586,0.0,1.5,167.2,1.0,9.0,180.7
2587,0.0,1.5,167.2,1.0,9.0,180.7
2588,0.0,1.5,167.2,1.0,9.0,180.7
2589,0.0,1.5,167.2,1.0,9.0,180.7
2590,0.0,1.5,167.2,1.0,9.0,180.7
2591,0.0,1.5,167.2,1.0,9.0,180.7
2592,0.0,1.5,167.2,1.0,9.0,180.7
2593,0.0,1.5,167.2,1.0,9.0,180.7
2594,0.0,1.5,167.2,1.0,9.0,180.7
2595,0.0,1.5,167.2,1.0,9.0,180.7
2596,0.0,1.5,167.2,1.0,9.0,180.7
2597,0.0,1.5,167.2,1.0,9.0,180.7
2598,0.0,1.5,167.2,1.0,9.0,180.7
2599,0.0,1.5,167.2,1.0,9.0,180.7
2600,1040.0,1.5,167.2,1.0,9.0,180.7
2601,854.0,1.0,167.2,1.0,9.0,176.2
2602,913.0,1.0,167.2,1.0,9.0,176.2
2603,1984.0,1.0,167.2,1.0,9.0,176.2
2604,400.0,1.0,167.2,1.0,9.0,176.2
2605,718.0,1.0,167.2,1.0,9.0,176.2
2606,4151.0,1.0,167.2,1.0,9.0,176.2
2607,1195.0,1.0,167.2,1.0,9.0,176.2
2608,1100.0,1.0,167.2,1.0,9.0,176.2
2609,408.0,1.0,167.2,1.0,9.0,176.2
2610,444.0,1.5,167.2,1.0,9.0,180.7
2611,1383.0,1.5,167.2,1.0,9.0,180.7
2612,0.0,1.5,167.2,1.0,9.0,180.7
2613,29.0,1.5,167.2,1.0,9.0,180.7
2614,195.0,1.5,167.2,1.0,9.0,180.7
2615,0.0,1.5,167.2,1.0,9.0,180.7
2616,0.0,1.5,167.2,1.0,9.0,180.7
2617,386.0,1.5,167.2,1.0,9.0,180.7
2618,591.0,1.5,167.2,1.0,9.0,180.7
2619,13.0,1.5,167.2,1.0,9.0,180.7
2620,30.0,1.5,167.2,1.0,9.0,180.7
2621,2.0,1.5,167.2,1.0,9.0,180.7
2622,125.0,1.5,167.2,1.0,9.0,180.7
2623,602.0,1.5,167.2,1.0,9.0,180.7
2624,69.0,1.5,167.2,1.0,9.0,180.7
2625,426.0,1.0,167.2,1.0,9.0,176.2
2626,1218.0,1.0,167.2,1.0,9.0,176.2
2627,862.0,1.0,167.2,1.0,9.0,176.2
2628,332.0,1.0,167.2,1.0,9.0,176.2
2629,1455.0,1.0,167.2,1.0,9.0,176.2
2630,1351.0,1.0,167.2,1.0,9.0,176.2
2631,1183.0,1.0,167.2,1.0,9.0,176.2
2632,2180.0,1.0,167.2,1.0,9.0,176.2
2633,2080.0,1.0,167.2,1.0,9.0,176.2
2634,514.0,1.5,167.2,1.0,9.0,180.7
2635,1890.0,1.5,167.2,1.0,9.0,180.7
2636,100.0,1.5,167.2,1.0,9.0,180.7
2637,45.0,1.5,167.2,1.0,9.0,180.7
2638,80.0,1.5,167.2,1.0,9.0,180.7
2639,113.0,1.5,167.2,1.0,9.0,180.7
2640,0.0,1.5,167.2,1.0,9.0,180.7
2641,72.0,1.5,167.2,1.0,9.0,180.7
2642,0.0,1.5,167.2,1.0,9.0,180.7
2643,0.0,1.5,167.2,1.0,9.0,180.7
2644,547.0,1.5,167.2,1.0,9.0,180.7
2645,42.0,1.5,167.2,1.0,9.0,180.7
2646,0.0,1.5,167.2,1.0,9.0,180.7
2647,705.0,1.5,167.2,1.0,9.0,180.7
2648,724.0,1.5,167.2,1.0,9.0,180.7
2649,638.0,1.0,167.2,1.0,9.0,176.2
2650,1219.0,1.0,167.2,1.0,9.0,176.2
2651,1473.0,1.0,167.2,1.0,9.0,176.2
2652,167.0,1.0,167.2,1.0,9.0,176.2
2653,1402.0,1.0,167.2,1.0,9.0,176.2
2654,2161.0,1.0,167.2,1.0,9.0,176.2
2655,856.0,1.0,167.2,1.0,9.0,176.2
2656,2815.0,1.0,167.2,1.0,9.0,176.2
2657,747.0,1.0,167.2,1.0,9.0,176.2
2658,1177.0,1.5,167.2,1.0,9.0,180.7
2659,420.0,1.5,167.2,1.0,9.0,180.7
2660,0.0,1.5,167.2,1.0,9.0,180.7
2661,0.0,1.5,167.2,1.0,9.0,180.7
2662,345.0,1.5,167.2,1.0,9.0,180.7
2663,144.0,1.5,167.2,1.0,9.0,180.7
2664,0.0,1.5,167.2,1.0,9.0,180.7
2665,100.0,1.5,167.2,1.0,9.0,180.7
2666,7.0,1.5,167.2,1.0,9.0,180.7
2667,300.0,1.5,167.2,1.0,9.0,180.7
2668,54.0,1.5,167.2,1.0,9.0,180.7
2669,0.0,1.5,167.2,1.0,9.0,180.7
2670,11.0,1.5,167.2,1.0,9.0,180.7
2671,1582.0,1.5,167.2,1.0,9.0,180.7
2672,728.0,1.5,167.2,1.0,9.0,180.7
2673,712.0,1.0,167.2,1.0,9.0,176.2
2674,1196.0,1.0,167.2,1.0,9.0,176.2
2675,1131.0,1.0,167.2,1.0,9.0,176.2
2676,450.0,1.0,167.2,1.0,9.0,176.2
2677,1674.0,1.0,167.2,1.0,9.0,176.2
2678,1547.0,1.0,167.2,1.0,9.0,176.2
2679,1086.0,1.0,167.2,1.0,9.0,176.2
2680,1599.0,1.0,167.2,1.0,9.0,176.2
2681,634.0,1.0,167.2,1.0,9.0,176.2
2682,2731.0,1.5,167.2,1.0,9.0,180.7
2683,1545.0,1.5,167.2,1.0,9.0,180.7
2684,132.0,1.5,167.2,1.0,9.0,180.7
2685,60.0,1.5,167.2,1.0,9.0,180.7
2686,72.0,1.5,167.2,1.0,9.0,180.7
2687,10.0,1.5,167.2,1.0,9.0,180.7
2688,0.0,1.5,167.2,1.0,9.0,180.7
2689,504.0,1.5,167.2,1.0,9.0,180.7
2690,41.0,1.5,167.2,1.0,9.0,180.7
2691,0.0,1.5,167.2,1.0,9.0,180.7
2692,58.0,1.5,167.2,1.0,9.0,180.7
2693,0.0,1.5,167.2,1.0,9.0,180.7
2694,48.0,1.5,167.2,1.0,9.0,180.7
2695,941.0,1.5,167.2,1.0,9.0,180.7
2696,572.0,1.5,167.2,1.0,9.0,180.7
2697,1287.0,1.0,167.2,1.0,9.0,176.2
2698,172.0,1.0,167.2,1.0,9.0,176.2
2699,1538.0,1.0,167.2,1.0,9.0,176.2
2700,262.0,1.0,167.2,1.0,9.0,176.2
2701,743.0,1.0,167.2,1.0,9.0,176.2
2702,464.0,1.0,167.2,1.0,9.0,176.2
2703,2170.0,1.0,167.2,1.0,9.0,176.2
2704,1743.0,1.0,167.2,1.0,9.0,176.2
2705,2106.0,1.0,167.2,1.0,9.0,176.2
2706,104.0,1.5,167.2,1.0,9.0,180.7
2707,762.0,1.5,167.2,1.0,9.0,180.7
2708,100.0,1.5,167.2,1.0,9.0,180.7
2709,103.0,1.5,167.2,1.0,9.0,180.7
2710,35.0,1.5,167.2,1.0,9.0,180.7
2711,100.0,1.5,167.2,1.0,9.0,180.7
2712,0.0,1.5,167.2,1.0,9.0,180.7
2713,291.0,1.5,167.2,1.0,9.0,180.7
2714,410.0,1.5,167.2,1.0,9.0,180.7
2715,125.0,1.5,167.2,1.0,9.0,180.7
2716,300.0,1.5,167.2,1.0,9.0,180.7
2717,20.0,1.5,167.2,1.0,9.0,180.7
2718,675.0,1.5,167.2,1.0,9.0,180.7
2719,1083.0,1.5,167.2,1.0,9.0,180.7
2720,0.0,1.5,167.2,1.0,9.0,180.7
2721,0.0,1.0,167.2,1.0,9.0,176.2
2722,0.0,1.0,167.2,1.0,9.0,176.2
2723,0.0,1.0,167.2,1.0,9.0,176.2
2724,0.0,1.0,167.2,1.0,9.0,176.2
2725,0.0,1.0,167.2,1.0,9.0,176.2
2726,0.0,1.0,167.2,1.0,9.0,176.2
2727,0.0,1.0,167.2,1.0,9.0,176.2
2728,0.0,1.0,167.2,1.0,9.0,176.2
2729,0.0,1.0,167.2,1.0,9.0,176.2
2730,0.0,1.5,167.2,1.0,9.0,180.7
2731,0.0,1.5,167.2,1.0,9.0,180.7
2732,0.0,1.5,167.2,1.0,9.0,180.7
2733,0.0,1.5,167.2,1.0,9.0,180.7
2734,0.0,1.5,167.2,1.0,9.0,180.7
2735,0.0,1.5,167.2,1.0,9.0,180.7
2736,0.0,1.5,167.2,1.0,9.0,180.7
2737,0.0,1.5,167.2,1.0,9.0,180.7
2738,0.0,1.5,167.2,1.0,9.0,180.7
2739,0.0,1.5,167.2,1.0,9.0,180.7
2740,0.0,1.5,167.2,1.0,9.0,180.7
2741,0.0,1.5,167.2,1.0,9.0,180.7
2742,0.0,1.5,167.2,1.0,9.0,180.7
2743,0.0,1.5,167.2,1.0,9.0,180.7
2744,0.0,1.5,167.2,1.0,9.0,180.7
2745,0.0,1.0,167.2,1.0,9.0,176.2
2746,0.0,1.0,167.2,1.0,9.0,176.2
2747,0.0,1.0,167.2,1.0,9.0,176.2
2748,0.0,1.0,167.2,1.0,9.0,176.2
2749,0.0,1.0,167.2,1.0,9.0,176.2
2750,0.0,1.0,167.2,1.0,9.0,176.2
2751,0.0,1.0,167.2,1.0,9.0,176.2
2752,0.0,1.0,167.2,1.0,9.0,176.2
2753,0.0,1.0,167.2,1.0,9.0,176.2
2754,0.0,1.5,167.2,1.0,9.0,180.7
2755,0.0,1.5,167.2,1.0,9.0,180.7
2756,0.0,1.5,167.2,1.0,9.0,180.7
2757,0.0,1.5,167.2,1.0,9.0,180.7
2758,0.0,1.5,167.2,1.0,9.0,180.7
2759,0.0,1.5,167.2,1.0,9.0,180.7
2760,0.0,1.5,167.2,1.0,9.0,180.7
2761,0.0,1.5,167.2,1.0,9.0,180.7
2762,0.0,1.5,167.2,1.0,9.0,180.7
2763,0.0,1.5,167.2,1.0,9.0,180.7
2764,0.0,1.5,167.2,1.0,9.0,180.7
2765,0.0,1.5,167.2,1.0,9.0,180.7
2766,0.0,1.5,167.2,1.0,9.0,180.7
2767,63.0,1.5,167.2,1.0,9.0,180.7
2768,574.0,1.5,167.2,1.0,9.0,180.7
2769,1038.0,1.0,167.2,1.0,9.0,176.2
2770,363.0,1.0,167.2,1.0,9.0,176.2
2771,944.0,1.0,167.2,1.0,9.0,176.2
2772,3015.0,1.0,167.2,1.0,9.0,176.2
2773,2265.0,1.0,167.2,1.0,9.0,176.2
2774,812.0,1.0,167.2,1.0,9.0,176.2
2775,363.0,1.0,167.2,1.0,9.0,176.2
2776,2244.0,1.0,167.2,1.0,9.0,176.2
2777,343.0,1.0,167.2,1.0,9.0,176.2
2778,291.0,1.5,167.2,1.0,9.0,180.7
2779,1532.0,1.5,167.2,1.0,9.0,180.7
2780,18.0,1.5,167.2,1.0,9.0,180.7
2781,15.0,1.5,167.2,1.0,9.0,180.7
2782,524.0,1.5,167.2,1.0,9.0,180.7
2783,23.0,1.5,167.2,1.0,9.0,180.7
2784,587.0,1.5,167.2,1.0,9.0,180.7
2785,0.0,1.5,167.2,1.0,9.0,180.7
2786,338.0,1.5,167.2,1.0,9.0,180.7
2787,102.0,1.5,167.2,1.0,9.0,180.7
2788,375.0,1.5,167.2,1.0,9.0,180.7
2789,136.0,1.5,167.2,1.0,9.0,180.7
2790,109.0,1.5,167.2,1.0,9.0,180.7
2791,2004.0,1.5,167.2,1.0,9.0,180.7
2792,999.0,1.5,167.2,1.0,9.0,180.7
2793,685.0,1.0,167.2,1.0,9.0,176.2
2794,1554.0,1.0,167.2,1.0,9.0,176.2
2795,1472.0,1.0,167.2,1.0,9.0,176.2
2796,130.0,1.0,167.2,1.0,9.0,176.2
2797,1488.0,1.0,167.2,1.0,9.0,176.2
2798,6290.0,1.0,167.2,1.0,9.0,176.2
2799,888.0,1.0,167.2,1.0,9.0,176.2
2800,1178.0,1.0,167.2,1.0,9.0,176.2
2801,976.0,1.0,167.2,1.0,9.0,176.2
2802,2034.0,1.5,167.2,1.0,9.0,180.7
2803,4625.0,1.5,167.2,1.0,9.0,180.7
2804,13.0,1.5,167.2,1.0,9.0,180.7
2805,53.0,1.5,167.2,1.0,9.0,180.7
2806,96.0,1.5,167.2,1.0,9.0,180.7
2807,10.0,1.5,167.2,1.0,9.0,180.7
2808,587.0,1.5,167.2,1.0,9.0,180.7
2809,68.0,1.5,167.2,1.0,9.0,180.7
2810,82.0,1.5,167.2,1.0,9.0,180.7
2811,410.0,1.5,167.2,1.0,9.0,180.7
2812,306.0,1.5,167.2,1.0,9.0,180.7
2813,0.0,1.5,167.2,1.0,9.0,180.7
2814,60.0,1.5,167.2,1.0,9.0,180.7
2815,2047.0,1.5,167.2,1.0,9.0,180.7
2816,247.0,1.5,167.2,1.0,9.0,180.7
2817,1636.0,1.0,167.2,1.0,9.0,176.2
2818,461.0,1.0,167.2,1.0,9.0,176.2
2819,1180.0,1.0,167.2,1.0,9.0,176.2
2820,70.0,1.0,167.2,1.0,9.0,176.2
2821,2313.0,1.0,167.2,1.0,9.0,176.2
2822,3149.0,1.0,167.2,1.0,9.0,176.2
2823,940.0,1.0,167.2,1.0,9.0,176.2
2824,3127.0,1.0,167.2,1.0,9.0,176.2
2825,114.0,1.0,167.2,1.0,9.0,176.2
2826,918.0,1.5,167.2,1.0,9.0,180.7
2827,433.0,1.5,167.2,1.0,9.0,180.7
2828,11.0,1.5,167.2,1.0,9.0,180.7
2829,447.0,1.5,167.2,1.0,9.0,180.7
2830,85.0,1.5,167.2,1.0,9.0,180.7
2831,235.0,1.5,167.2,1.0,9.0,180.7
2832,0.0,1.5,167.2,1.0,9.0,180.7
2833,202.0,1.5,167.2,1.0,9.0,180.7
2834,141.0,1.5,167.2,1.0,9.0,180.7
2835,274.0,1.5,167.2,1.0,9.0,180.7
2836,36.0,1.5,167.2,1.0,9.0,180.7
2837,59.0,1.5,167.2,1.0,9.0,180.7
2838,324.0,1.5,167.2,1.0,9.0,180.7
2839,2098.0,1.5,167.2,1.0,9.0,180.7
2840,862.0,1.5,167.2,1.0,9.0,180.7
2841,853.0,1.0,167.2,1.0,9.0,176.2
2842,2052.0,1.0,167.2,1.0,9.0,176.2
2843,1646.0,1.0,167.2,1.0,9.0,176.2
2844,20.0,1.0,167.2,1.0,9.0,176.2
2845,692.0,1.0,167.2,1.0,9.0,176.2
2846,904.0,1.0,167.2,1.0,9.0,176.2
2847,2121.0,1.0,167.2,1.0,9.0,176.2
2848,4046.0,1.0,167.2,1.0,9.0,176.2
2849,598.0,1.0,167.2,1.0,9.0,176.2
2850,1467.0,1.5,167.2,1.0,9.0,180.7
2851,1831.0,1.5,167.2,1.0,9.0,180.7
2852,147.0,1.5,167.2,1.0,9.0,180.7
2853,86.0,1.5,167.2,1.0,9.0,180.7
2854,110.0,1.5,167.2,1.0,9.0,180.7
2855,32.0,1.5,167.2,1.0,9.0,180.7
2856,2.0,1.5,167.2,1.0,9.0,180.7
2857,13.0,1.5,167.2,1.0,9.0,180.7
2858,83.0,1.5,167.2,1.0,9.0,180.7
2859,19.0,1.5,167.2,1.0,9.0,180.7
2860,1503.0,1.5,167.2,1.0,9.0,180.7
2861,0.0,1.5,167.2,1.0,9.0,180.7
2862,109.0,1.5,167.2,1.0,9.0,180.7
2863,1099.0,1.5,167.2,1.0,9.0,180.7
2864,1201.0,1.5,167.2,1.0,9.0,180.7
2865,709.0,1.0,167.2,1.0,9.0,176.2
2866,566.0,1.0,167.2,1.0,9.0,176.2
2867,867.0,1.0,167.2,1.0,9.0,176.2
2868,18.0,1.0,167.2,1.0,9.0,176.2
2869,1732.0,1.0,167.2,1.0,9.0,176.2
2870,1416.0,1.0,167.2,1.0,9.0,176.2
2871,1130.0,1.0,167.2,1.0,9.0,176.2
2872,2103.0,1.0,167.2,1.0,9.0,176.2
2873,185.0,1.0,167.2,1.0,9.0,176.2
2874,1237.0,1.5,167.2,1.0,9.0,180.7
2875,730.0,1.5,167.2,1.0,9.0,180.7
2876,4.0,1.5,167.2,1.0,9.0,180.7
2877,342.0,1.5,167.2,1.0,9.0,180.7
2878,179.0,1.5,167.2,1.0,9.0,180.7
2879,370.0,1.5,167.2,1.0,9.0,180.7
2880,75.0,1.5,167.2,1.0,9.0,180.7
2881,44.0,1.5,167.2,1.0,9.0,180.7
2882,380.0,1.5,167.2,1.0,9.0,180.7
2883,90.0,1.5,167.2,1.0,9.0,180.7
2884,122.0,1.5,167.2,1.0,9.0,180.7
2885,53.0,1.5,167.2,1.0,9.0,180.7
2886,196.0,1.5,167.2,1.0,9.0,180.7
2887,1832.0,1.5,167.2,1.0,9.0,180.7
2888,0.0,1.5,167.2,1.0,9.0,180.7
2889,0.0,1.0,167.2,1.0,9.0,176.2
2890,0.0,1.0,167.2,1.0,9.0,176.2
2891,0.0,1.0,167.2,1.0,9.0,176.2
2892,0.0,1.0,167.2,1.0,9.0,176.2
2893,0.0,1.0,167.2,1.0,9.0,176.2
2894,0.0,1.0,167.2,1.0,9.0,176.2
2895,0.0,1.0,167.2,1.0,9.0,176.2
2896,0.0,1.0,167.2,1.0,9.0,176.2
2897,0.0,1.0,167.2,1.0,9.0,176.2
2898,0.0,1.5,167.2,1.0,9.0,180.7
2899,0.0,1.5,167.2,1.0,9.0,180.7
2900,0.0,1.5,167.2,1.0,9.0,180.7
2901,0.0,1.5,167.2,1.0,9.0,180.7
2902,0.0,1.5,167.2,1.0,9.0,180.7
2903,0.0,1.5,167.2,1.0,9.0,180.7
2904,0.0,1.5,167.2,1.0,9.0,180.7
2905,0.0,1.5,167.2,1.0,9.0,180.7
2906,0.0,1.5,167.2,1.0,9.0,180.7
2907,0.0,1.5,167.2,1.0,9.0,180.7
2908,0.0,1.5,167.2,1.0,9.0,180.7
2909,0.0,1.5,167.2,1.0,9.0,180.7
2910,0.0,1.5,167.2,1.0,9.0,180.7
2911,0.0,1.5,167.2,1.0,9.0,180.7
2912,0.0,1.5,167.2,1.0,9.0,180.7
2913,0.0,1.0,167.2,1.0,9.0,176.2
2914,0.0,1.0,167.2,1.0,9.0,176.2
2915,0.0,1.0,167.2,1.0,9.0,176.2
2916,0.0,1.0,167.2,1.0,9.0,176.2
2917,0.0,1.0,167.2,1.0,9.0,176.2
2918,0.0,1.0,167.2,1.0,9.0,176.2
2919,0.0,1.0,167.2,1.0,9.0,176.2
2920,0.0,1.0,167.2,1.0,9.0,176.2
2921,0.0,1.0,167.2,1.0,9.0,176.2
2922,0.0,1.5,167.2,1.0,9.0,180.7
2923,0.0,1.5,167.2,1.0,9.0,180.7
2924,0.0,1.5,167.2,1.0,9.0,180.7
2925,0.0,1.5,167.2,1.0,9.0,180.7
2926,0.0,1.5,167.2,1.0,9.0,180.7
2927,0.0,1.5,167.2,1.0,9.0,180.7
2928,0.0,1.5,167.2,1.0,9.0,180.7
2929,0.0,1.5,167.2,1.0,9.0,180.7
2930,0.0,1.5,167.2,1.0,9.0,180.7
2931,0.0,1.5,167.2,1.0,9.0,180.7
2932,0.0,1.5,167.2,1.0,9.0,180.7
2933,0.0,1.5,167.2,1.0,9.0,180.7
2934,0.0,1.5,167.2,1.0,9.0,180.7
2935,0.0,1.5,167.2,1.0,9.0,180.7
2936,784.0,1.5,167.2,1.0,9.0,180.7
2937,1137.0,1.0,167.2,1.0,9.0,176.2
2938,65.0,1.0,167.2,1.0,9.0,176.2
2939,1572.0,1.0,167.2,1.0,9.0,176.2
2940,680.0,1.0,167.2,1.0,9.0,176.2
2941,505.0,1.0,167.2,1.0,9.0,176.2
2942,2280.0,1.0,167.2,1.0,9.0,176.2
2943,1826.0,1.0,167.2,1.0,9.0,176.2
2944,1667.0,1.0,167.2,1.0,9.0,176.2
2945,1310.0,1.0,167.2,1.0,9.0,176.2
2946,434.0,1.5,167.2,1.0,9.0,180.7
2947,1700.0,1.5,167.2,1.0,9.0,180.7
2948,148.0,1.5,167.2,1.0,9.0,180.7
2949,25.0,1.5,167.2,1.0,9.0,180.7
2950,337.0,1.5,167.2,1.0,9.0,180.7
2951,136.0,1.5,167.2,1.0,9.0,180.7
2952,414.0,1.5,167.2,1.0,9.0,180.7
2953,20.0,1.5,167.2,1.0,9.0,180.7
2954,59.0,1.5,167.2,1.0,9.0,180.7
2955,344.0,1.5,167.2,1.0,9.0,180.7
2956,22.0,1.5,167.2,1.0,9.0,180.7
2957,318.0,1.5,167.2,1.0,9.0,180.7
2958,28.0,1.5,167.2,1.0,9.0,180.7
2959,1140.0,1.5,167.2,1.0,9.0,180.7
2960,473.0,1.5,167.2,1.0,9.0,180.7
2961,2501.0,1.0,167.2,1.0,9.0,176.2
2962,701.0,1.0,167.2,1.0,9.0,176.2
2963,941.0,1.0,167.2,1.0,9.0,176.2
2964,132.0,1.0,167.2,1.0,9.0,176.2
2965,1749.0,1.0,167.2,1.0,9.0,176.2
2966,658.0,1.0,167.2,1.0,9.0,176.2
2967,1093.0,1.0,167.2,1.0,9.0,176.2
2968,716.0,1.0,167.2,1.0,9.0,176.2
2969,547.0,1.0,167.2,1.0,9.0,176.2
2970,632.0,1.5,167.2,1.0,9.0,180.7
2971,3300.0,1.5,167.2,1.0,9.0,180.7
2972,147.0,1.5,167.2,1.0,9.0,180.7
2973,46.0,1.5,167.2,1.0,9.0,180.7
2974,1.0,1.5,167.2,1.0,9.0,180.7
2975,374.0,1.5,167.2,1.0,9.0,180.7
2976,103.0,1.5,167.2,1.0,9.0,180.7
2977,4.0,1.5,167.2,1.0,9.0,180.7
2978,363.0,1.5,167.2,1.0,9.0,180.7
2979,41.0,1.5,167.2,1.0,9.0,180.7
2980,312.0,1.5,167.2,1.0,9.0,180.7
2981,63.0,1.5,167.2,1.0,9.0,180.7
2982,233.0,1.5,167.2,1.0,9.0,180.7
2983,1071.0,1.5,167.2,1.0,9.0,180.7
2984,0.0,1.5,167.2,1.0,9.0,180.7
2985,0.0,1.0,167.2,1.0,9.0,176.2
2986,0.0,1.0,167.2,1.0,9.0,176.2
2987,0.0,1.0,167.2,1.0,9.0,176.2
2988,0.0,1.0,167.2,1.0,9.0,176.2
2989,0.0,1.0,167.2,1.0,9.0,176.2
2990,0.0,1.0,167.2,1.0,9.0,176.2
2991,0.0,1.0,167.2,1.0,9.0,176.2
2992,0.0,1.0,167.2,1.0,9.0,176.2
2993,0.0,1.0,167.2,1.0,9.0,176.2
2994,0.0,1.5,167.2,1.0,9.0,180.7
2995,0.0,1.5,167.2,1.0,9.0,180.7
2996,0.0,1.5,167.2,1.0,9.0,180.7
2997,0.0,1.5,167.2,1.0,9.0,180.7
2998,0.0,1.5,167.2,1.0,9.0,180.7
2999,0.0,1.5,167.2,1.0,9.0,180.7
3000,0.0,1.5,167.2,1.0,9.0,180.7
3001,0.0,1.5,167.2,1.0,9.0,180.7
3002,0.0,1.5,167.2,1.0,9.0,180.7
3003,0.0,1.5,167.2,1.0,9.0,180.7
3004,0.0,1.5,167.2,1.0,9.0,180.7
3005,0.0,1.5,167.2,1.0,9.0,180.7
3006,0.0,1.5,167.2,1.0,9.0,180.7
3007,0.0,1.5,167.2,1.0,9.0,180.7
3008,424.0,1.5,167.2,1.0,9.0,180.7
3009,1929.0,1.0,167.2,1.0,9.0,176.2
3010,1556.0,1.0,167.2,1.0,9.0,176.2
3011,2460.0,1.0,167.2,1.0,9.0,176.2
3012,4.0,1.0,167.2,1.0,9.0,176.2
3013,2044.0,1.0,167.2,1.0,9.0,176.2
3014,801.0,1.0,167.2,1.0,9.0,176.2
3015,4734.0,1.0,167.2,1.0,9.0,176.2
3016,2564.0,1.0,167.2,1.0,9.0,176.2
3017,601.0,1.0,167.2,1.0,9.0,176.2
3018,1600.0,1.5,167.2,1.0,9.0,180.7
3019,2689.0,1.5,167.2,1.0,9.0,180.7
3020,180.0,1.5,167.2,1.0,9.0,180.7
3021,4.0,1.5,167.2,1.0,9.0,180.7
3022,26.0,1.5,167.2,1.0,9.0,180.7
3023,32.0,1.5,167.2,1.0,9.0,180.7
3024,434.0,1.5,167.2,1.0,9.0,180.7
3025,8.0,1.5,167.2,1.0,9.0,180.7
3026,182.0,1.5,167.2,1.0,9.0,180.7
3027,116.0,1.5,167.2,1.0,9.0,180.7
3028,196.0,1.5,167.2,1.0,9.0,180.7
3029,0.0,1.5,167.2,1.0,9.0,180.7
3030,86.0,1.5,167.2,1.0,9.0,180.7
3031,1465.0,1.5,167.2,1.0,9.0,180.7
3032,321.0,1.5,167.2,1.0,9.0,180.7
3033,755.0,1.0,167.2,1.0,9.0,176.2
3034,1314.0,1.0,167.2,1.0,9.0,176.2
3035,2392.0,1.0,167.2,1.0,9.0,176.2
3036,580.0,1.0,167.2,1.0,9.0,176.2
3037,1477.0,1.0,167.2,1.0,9.0,176.2
3038,1029.0,1.0,167.2,1.0,9.0,176.2
3039,1328.0,1.0,167.2,1.0,9.0,176.2
3040,800.0,1.0,167.2,1.0,9.0,176.2
3041,2023.0,1.0,167.2,1.0,9.0,176.2
3042,68.0,1.5,167.2,1.0,9.0,180.7
3043,772.0,1.5,167.2,1.0,9.0,180.7
3044,8.0,1.5,167.2,1.0,9.0,180.7
3045,106.0,1.5,167.2,1.0,9.0,180.7
3046,18.0,1.5,167.2,1.0,9.0,180.7
3047,163.0,1.5,167.2,1.0,9.0,180.7
3048,118.0,1.5,167.2,1.0,9.0,180.7
3049,56.0,1.5,167.2,1.0,9.0,180.7
3050,57.0,1.5,167.2,1.0,9.0,180.7
3051,10.0,1.5,167.2,1.0,9.0,180.7
3052,66.0,1.5,167.2,1.0,9.0,180.7
3053,150.0,1.5,167.2,1.0,9.0,180.7
3054,1976.0,1.5,167.2,1.0,9.0,180.7
3055,415.0,1.5,167.2,1.0,9.0,180.7
3056,0.0,1.5,167.2,1.0,9.0,180.7
3057,0.0,1.0,167.2,1.0,9.0,176.2
3058,0.0,1.0,167.2,1.0,9.0,176.2
3059,0.0,1.0,167.2,1.0,9.0,176.2
3060,0.0,1.0,167.2,1.0,9.0,176.2
3061,0.0,1.0,167.2,1.0,9.0,176.2
3062,0.0,1.0,167.2,1.0,9.0,176.2
3063,0.0,1.0,167.2,1.0,9.0,176.2
3064,0.0,1.0,167.2,1.0,9.0,176.2
3065,0.0,1.0,167.2,1.0,9.0,176.2
3066,0.0,1.5,167.2,1.0,9.0,180.7
3067,0.0,1.5,167.2,1.0,9.0,180.7
3068,0.0,1.5,167.2,1.0,9.0,180.7
3069,0.0,1.5,167.2,1.0,9.0,180.7
3070,0.0,1.5,167.2,1.0,9.0,180.7
3071,0.0,1.5,167.2,1.0,9.0,180.7
3072,0.0,1.5,167.2,1.0,9.0,180.7
3073,0.0,1.5,167.2,1.0,9.0,180.7
3074,0.0,1.5,167.2,1.0,9.0,180.7
3075,0.0,1.5,167.2,1.0,9.0,180.7
3076,0.0,1.5,167.2,1.0,9.0,180.7
3077,0.0,1.5,167.2,1.0,9.0,180.7
3078,0.0,1.5,167.2,1.0,9.0,180.7
3079,0.0,1.5,167.2,1.0,9.0,180.7
3080,0.0,1.5,167.2,1.0,9.0,180.7
3081,0.0,1.0,167.2,1.0,9.0,176.2
3082,0.0,1.0,167.2,1.0,9.0,176.2
3083,0.0,1.0,167.2,1.0,9.0,176.2
3084,0.0,1.0,167.2,1.0,9.0,176.2
3085,0.0,1.0,167.2,1.0,9.0,176.2
3086,0.0,1.0,167.2,1.0,9.0,176.2
3087,0.0,1.0,167.2,1.0,9.0,176.2
3088,0.0,1.0,167.2,1.0,9.0,176.2
3089,0.0,1.0,167.2,1.0,9.0,176.2
3090,0.0,1.5,167.2,1.0,9.0,180.7
3091,0.0,1.5,167.2,1.0,9.0,180.7
3092,0.0,1.5,167.2,1.0,9.0,180.7
3093,0.0,1.5,167.2,1.0,9.0,180.7
3094,0.0,1.5,167.2,1.0,9.0,180.7
3095,0.0,1.5,167.2,1.0,9.0,180.7
3096,0.0,1.5,167.2,1.0,9.0,180.7
3097,0.0,1.5,167.2,1.0,9.0,180.7
3098,0.0,1.5,167.2,1.0,9.0,180.7
3099,0.0,1.5,167.2,1.0,9.0,180.7
3100,0.0,1.5,167.2,1.0,9.0,180.7
3101,0.0,1.5,167.2,1.0,9.0,180.7
3102,0.0,1.5,167.2,1.0,9.0,180.7
3103,0.0,1.5,167.2,1.0,9.0,180.7
3104,837.0,1.5,167.2,1.0,9.0,180.7
3105,998.0,1.0,167.2,1.0,9.0,176.2
3106,628.0,1.0,167.2,1.0,9.0,176.2
3107,1491.0,1.0,167.2,1.0,9.0,176.2
3108,30.0,1.0,167.2,1.0,9.0,176.2
3109,919.0,1.0,167.2,1.0,9.0,176.2
3110,1816.0,1.0,167.2,1.0,9.0,176.2
3111,998.0,1.0,167.2,1.0,9.0,176.2
3112,4518.0,1.0,167.2,1.0,9.0,176.2
3113,274.0,1.0,167.2,1.0,9.0,176.2
3114,941.0,1.5,167.2,1.0,9.0,180.7
3115,2791.0,1.5,167.2,1.0,9.0,180.7
3116,94.0,1.5,167.2,1.0,9.0,180.7
3117,54.0,1.5,167.2,1.0,9.0,180.7
3118,97.0,1.5,167.2,1.0,9.0,180.7
3119,160.0,1.5,167.2,1.0,9.0,180.7
3120,27.0,1.5,167.2,1.0,9.0,180.7
3121,48.0,1.5,167.2,1.0,9.0,180.7
3122,487.0,1.5,167.2,1.0,9.0,180.7
3123,119.0,1.5,167.2,1.0,9.0,180.7
3124,82.0,1.5,167.2,1.0,9.0,180.7
3125,0.0,1.5,167.2,1.0,9.0,180.7
3126,188.0,1.5,167.2,1.0,9.0,180.7
3127,2165.0,1.5,167.2,1.0,9.0,180.7
3128,637.0,1.5,167.2,1.0,9.0,180.7
3129,1542.0,1.0,167.2,1.0,9.0,176.2
3130,1472.0,1.0,167.2,1.0,9.0,176.2
3131,1484.0,1.0,167.2,1.0,9.0,176.2
3132,0.0,1.0,167.2,1.0,9.0,176.2
3133,2483.0,1.0,167.2,1.0,9.0,176.2
3134,3081.0,1.0,167.2,1.0,9.0,176.2
3135,807.0,1.0,167.2,1.0,9.0,176.2
3136,1509.0,1.0,167.2,1.0,9.0,176.2
3137,458.0,1.0,167.2,1.0,9.0,176.2
3138,1720.0,1.5,167.2,1.0,9.0,180.7
3139,3308.0,1.5,167.2,1.0,9.0,180.7
3140,44.0,1.5,167.2,1.0,9.0,180.7
3141,382.0,1.5,167.2,1.0,9.0,180.7
3142,40.0,1.5,167.2,1.0,9.0,180.7
3143,5.0,1.5,167.2,1.0,9.0,180.7
3144,0.0,1.5,167.2,1.0,9.0,180.7
3145,533.0,1.5,167.2,1.0,9.0,180.7
3146,226.0,1.5,167.2,1.0,9.0,180.7
3147,93.0,1.5,167.2,1.0,9.0,180.7
3148,300.0,1.5,167.2,1.0,9.0,180.7
3149,25.0,1.5,167.2,1.0,9.0,180.7
3150,560.0,1.5,167.2,1.0,9.0,180.7
3151,1735.0,1.5,167.2,1.0,9.0,180.7
3152,691.0,1.5,167.2,1.0,9.0,180.7
3153,716.0,1.0,167.2,1.0,9.0,176.2
3154,941.0,1.0,167.2,1.0,9.0,176.2
3155,952.0,1.0,167.2,1.0,9.0,176.2
3156,104.0,1.0,167.2,1.0,9.0,176.2
3157,1820.0,1.0,167.2,1.0,9.0,176.2
3158,1492.0,1.0,167.2,1.0,9.0,176.2
3159,1155.0,1.0,167.2,1.0,9.0,176.2
3160,760.0,1.0,167.2,1.0,9.0,176.2
3161,3446.0,1.0,167.2,1.0,9.0,176.2
3162,1012.0,1.5,167.2,1.0,9.0,180.7
3163,2838.0,1.5,167.2,1.0,9.0,180.7
3164,8.0,1.5,167.2,1.0,9.0,180.7
3165,178.0,1.5,167.2,1.0,9.0,180.7
3166,366.0,1.5,167.2,1.0,9.0,180.7
3167,238.0,1.5,167.2,1.0,9.0,180.7
3168,157.0,1.5,167.2,1.0,9.0,180.7
3169,370.0,1.5,167.2,1.0,9.0,180.7
3170,52.0,1.5,167.2,1.0,9.0,180.7
3171,366.0,1.5,167.2,1.0,9.0,180.7
3172,96.0,1.5,167.2,1.0,9.0,180.7
3173,68.0,1.5,167.2,1.0,9.0,180.7
3174,4.0,1.5,167.2,1.0,9.0,180.7
3175,2540.0,1.5,167.2,1.0,9.0,180.7
3176,705.0,1.5,167.2,1.0,9.0,180.7
3177,359.0,1.0,167.2,1.0,9.0,176.2
3178,1880.0,1.0,167.2,1.0,9.0,176.2
3179,470.0,1.0,167.2,1.0,9.0,176.2
3180,238.0,1.0,167.2,1.0,9.0,176.2
3181,1582.0,1.0,167.2,1.0,9.0,176.2
3182,1464.0,1.0,167.2,1.0,9.0,176.2
3183,980.0,1.0,167.2,1.0,9.0,176.2
3184,1633.0,1.0,167.2,1.0,9.0,176.2
3185,430.0,1.0,167.2,1.0,9.0,176.2
3186,1701.0,1.5,167.2,1.0,9.0,180.7
3187,2095.0,1.5,167.2,1.0,9.0,180.7
3188,126.0,1.5,167.2,1.0,9.0,180.7
3189,75.0,1.5,167.2,1.0,9.0,180.7
3190,48.0,1.5,167.2,1.0,9.0,180.7
3191,229.0,1.5,167.2,1.0,9.0,180.7
3192,14.0,1.5,167.2,1.0,9.0,180.7
3193,306.0,1.5,167.2,1.0,9.0,180.7
3194,95.0,1.5,167.2,1.0,9.0,180.7
3195,332.0,1.5,167.2,1.0,9.0,180.7
3196,0.0,1.5,167.2,1.0,9.0,180.7
3197,60.0,1.5,167.2,1.0,9.0,180.7
3198,553.0,1.5,167.2,1.0,9.0,180.7
3199,1743.0,1.5,167.2,1.0,9.0,180.7
3200,591.0,1.5,167.2,1.0,9.0,180.7
3201,672.0,1.0,167.2,1.0,9.0,176.2
3202,4183.0,1.0,167.2,1.0,9.0,176.2
3203,399.0,1.0,167.2,1.0,9.0,176.2
3204,230.0,1.0,167.2,1.0,9.0,176.2
3205,50.0,1.0,167.2,1.0,9.0,176.2
3206,957.0,1.0,167.2,1.0,9.0,176.2
3207,623.0,1.0,167.2,1.0,9.0,176.2
3208,3046.0,1.0,167.2,1.0,9.0,176.2
3209,437.0,1.0,167.2,1.0,9.0,176.2
3210,1523.0,1.5,167.2,1.0,9.0,180.7
3211,1514.0,1.5,167.2,1.0,9.0,180.7
3212,1.0,1.5,167.2,1.0,9.0,180.7
3213,45.0,1.5,167.2,1.0,9.0,180.7
3214,0.0,1.5,167.2,1.0,9.0,180.7
3215,0.0,1.5,167.2,1.0,9.0,180.7
3216,0.0,1.5,167.2,1.0,9.0,180.7
3217,47.0,1.5,167.2,1.0,9.0,180.7
3218,37.0,1.5,167.2,1.0,9.0,180.7
3219,0.0,1.5,167.2,1.0,9.0,180.7
3220,0.0,1.5,167.2,1.0,9.0,180.7
3221,0.0,1.5,167.2,1.0,9.0,180.7
3222,24.0,1.5,167.2,1.0,9.0,180.7
3223,634.0,1.5,167.2,1.0,9.0,180.7
3224,0.0,1.5,167.2,1.0,9.0,180.7
3225,0.0,1.0,167.2,1.0,9.0,176.2
3226,0.0,1.0,167.2,1.0,9.0,176.2
3227,0.0,1.0,167.2,1.0,9.0,176.2
3228,0.0,1.0,167.2,1.0,9.0,176.2
3229,0.0,1.0,167.2,1.0,9.0,176.2
3230,0.0,1.0,167.2,1.0,9.0,176.2
3231,0.0,1.0,167.2,1.0,9.0,176.2
3232,0.0,1.0,167.2,1.0,9.0,176.2
3233,0.0,1.0,167.2,1.0,9.0,176.2
3234,0.0,1.5,167.2,1.0,9.0,180.7
3235,0.0,1.5,167.2,1.0,9.0,180.7
3236,0.0,1.5,167.2,1.0,9.0,180.7
3237,0.0,1.5,167.2,1.0,9.0,180.7
3238,0.0,1.5,167.2,1.0,9.0,180.7
3239,0.0,1.5,167.2,1.0,9.0,180.7
3240,0.0,1.5,167.2,1.0,9.0,180.7
3241,0.0,1.5,167.2,1.0,9.0,180.7
3242,0.0,1.5,167.2,1.0,9.0,180.7
3243,0.0,1.5,167.2,1.0,9.0,180.7
3244,0.0,1.5,167.2,1.0,9.0,180.7
3245,0.0,1.5,167.2,1.0,9.0,180.7
3246,0.0,1.5,167.2,1.0,9.0,180.7
3247,0.0,1.5,167.2,1.0,9.0,180.7
3248,0.0,1.5,167.2,1.0,9.0,180.7
3249,0.0,1.0,167.2,1.0,9.0,176.2
3250,0.0,1.0,167.2,1.0,9.0,176.2
3251,0.0,1.0,167.2,1.0,9.0,176.2
3252,0.0,1.0,167.2,1.0,9.0,176.2
3253,0.0,1.0,167.2,1.0,9.0,176.2
3254,0.0,1.0,167.2,1.0,9.0,176.2
3255,0.0,1.0,167.2,1.0,9.0,176.2
3256,0.0,1.0,167.2,1.0,9.0,176.2
3257,0.0,1.0,167.2,1.0,9.0,176.2
3258,0.0,1.5,167.2,1.0,9.0,180.7
3259,0.0,1.5,167.2,1.0,9.0,180.7
3260,0.0,1.5,167.2,1.0,9.0,180.7
3261,0.0,1.5,167.2,1.0,9.0,180.7
3262,0.0,1.5,167.2,1.0,9.0,180.7
3263,0.0,1.5,167.2,1.0,9.0,180.7
3264,0.0,1.5,167.2,1.0,9.0,180.7
3265,0.0,1.5,167.2,1.0,9.0,180.7
3266,0.0,1.5,167.2,1.0,9.0,180.7
3267,0.0,1.5,167.2,1.0,9.0,180.7
3268,0.0,1.5,167.2,1.0,9.0,180.7
3269,0.0,1.5,167.2,1.0,9.0,180.7
3270,0.0,1.5,167.2,1.0,9.0,180.7
3271,24.0,1.5,167.2,1.0,9.0,180.7
3272,468.0,1.5,167.2,1.0,9.0,180.7
3273,1009.0,1.0,167.2,1.0,9.0,176.2
3274,293.0,1.0,167.2,1.0,9.0,176.2
3275,1178.0,1.0,167.2,1.0,9.0,176.2
3276,311.0,1.0,167.2,1.0,9.0,176.2
3277,1419.0,1.0,167.2,1.0,9.0,176.2
3278,540.0,1.0,167.2,1.0,9.0,176.2
3279,1302.0,1.0,167.2,1.0,9.0,176.2
3280,1739.0,1.0,167.2,1.0,9.0,176.2
3281,821.0,1.0,167.2,1.0,9.0,176.2
3282,1592.0,1.5,167.2,1.0,9.0,180.7
3283,2222.0,1.5,167.2,1.0,9.0,180.7
3284,300.0,1.5,167.2,1.0,9.0,180.7
3285,130.0,1.5,167.2,1.0,9.0,180.7
3286,20.0,1.5,167.2,1.0,9.0,180.7
3287,23.0,1.5,167.2,1.0,9.0,180.7
3288,47.0,1.5,167.2,1.0,9.0,180.7
3289,554.0,1.5,167.2,1.0,9.0,180.7
3290,62.0,1.5,167.2,1.0,9.0,180.7
3291,5.0,1.5,167.2,1.0,9.0,180.7
3292,480.0,1.5,167.2,1.0,9.0,180.7
3293,2.0,1.5,167.2,1.0,9.0,180.7
3294,314.0,1.5,167.2,1.0,9.0,180.7
3295,1715.0,1.5,167.2,1.0,9.0,180.7
3296,1000.0,1.5,167.2,1.0,9.0,180.7
3297,598.0,1.0,167.2,1.0,9.0,176.2
3298,1594.0,1.0,167.2,1.0,9.0,176.2
3299,759.0,1.0,167.2,1.0,9.0,176.2
3300,204.0,1.0,167.2,1.0,9.0,176.2
3301,996.0,1.0,167.2,1.0,9.0,176.2
3302,1514.0,1.0,167.2,1.0,9.0,176.2
3303,6557.0,1.0,167.2,1.0,9.0,176.2
3304,1196.0,1.0,167.2,1.0,9.0,176.2
3305,1414.0,1.0,167.2,1.0,9.0,176.2
3306,1570.0,1.5,167.2,1.0,9.0,180.7
3307,2648.0,1.5,167.2,1.0,9.0,180.7
3308,11.0,1.5,167.2,1.0,9.0,180.7
3309,140.0,1.5,167.2,1.0,9.0,180.7
3310,5.0,1.5,167.2,1.0,9.0,180.7
3311,26.0,1.5,167.2,1.0,9.0,180.7
3312,0.0,1.5,167.2,1.0,9.0,180.7
3313,955.0,1.5,167.2,1.0,9.0,180.7
3314,24.0,1.5,167.2,1.0,9.0,180.7
3315,200.0,1.5,167.2,1.0,9.0,180.7
3316,30.0,1.5,167.2,1.0,9.0,180.7
3317,150.0,1.5,167.2,1.0,9.0,180.7
3318,10.0,1.5,167.2,1.0,9.0,180.7
3319,780.0,1.5,167.2,1.0,9.0,180.7
3320,841.0,1.5,167.2,1.0,9.0,180.7
3321,0.0,1.0,167.2,1.0,9.0,176.2
3322,0.0,1.0,167.2,1.0,9.0,176.2
3323,0.0,1.0,167.2,1.0,9.0,176.2
3324,0.0,1.0,167.2,1.0,9.0,176.2
3325,0.0,1.0,167.2,1.0,9.0,176.2
3326,0.0,1.0,167.2,1.0,9.0,176.2
3327,0.0,1.0,167.2,1.0,9.0,176.2
3328,0.0,1.0,167.2,1.0,9.0,176.2
3329,0.0,1.0,167.2,1.0,9.0,176.2
3330,0.0,1.5,167.2,1.0,9.0,180.7
3331,0.0,1.5,167.2,1.0,9.0,180.7
3332,0.0,1.5,167.2,1.0,9.0,180.7
3333,0.0,1.5,167.2,1.0,9.0,180.7
3334,0.0,1.5,167.2,1.0,9.0,180.7
3335,0.0,1.5,167.2,1.0,9.0,180.7
3336,0.0,1.5,167.2,1.0,9.0,180.7
3337,0.0,1.5,167.2,1.0,9.0,180.7
3338,0.0,1.5,167.2,1.0,9.0,180.7
3339,0.0,1.5,167.2,1.0,9.0,180.7
3340,0.0,1.5,167.2,1.0,9.0,180.7
3341,0.0,1.5,167.2,1.0,9.0,180.7
3342,0.0,1.5,167.2,1.0,9.0,180.7
3343,0.0,1.5,167.2,1.0,9.0,180.7
3344,174.0,1.5,167.2,1.0,9.0,180.7
3345,1145.0,1.0,167.2,1.0,9.0,176.2
3346,631.0,1.0,167.2,1.0,9.0,176.2
3347,1881.0,1.0,167.2,1.0,9.0,176.2
3348,124.0,1.0,167.2,1.0,9.0,176.2
3349,1467.0,1.0,167.2,1.0,9.0,176.2
3350,1175.0,1.0,167.2,1.0,9.0,176.2
3351,809.0,1.0,167.2,1.0,9.0,176.2
3352,2581.0,1.0,167.2,1.0,9.0,176.2
3353,977.0,1.0,167.2,1.0,9.0,176.2
3354,2010.0,1.5,167.2,1.0,9.0,180.7
3355,2901.0,1.5,167.2,1.0,9.0,180.7
3356,3.0,1.5,167.2,1.0,9.0,180.7
3357,2.0,1.5,167.2,1.0,9.0,180.7
3358,10.0,1.5,167.2,1.0,9.0,180.7
3359,0.0,1.5,167.2,1.0,9.0,180.7
3360,820.0,1.5,167.2,1.0,9.0,180.7
3361,219.0,1.5,167.2,1.0,9.0,180.7
3362,498.0,1.5,167.2,1.0,9.0,180.7
3363,393.0,1.5,167.2,1.0,9.0,180.7
3364,31.0,1.5,167.2,1.0,9.0,180.7
3365,344.0,1.5,167.2,1.0,9.0,180.7
3366,40.0,1.5,167.2,1.0,9.0,180.7
3367,1028.0,1.5,167.2,1.0,9.0,180.7
3368,935.0,1.5,167.2,1.0,9.0,180.7
3369,1816.0,1.0,167.2,1.0,9.0,176.2
3370,1580.0,1.0,167.2,1.0,9.0,176.2
3371,1787.0,1.0,167.2,1.0,9.0,176.2
3372,4406.0,1.0,167.2,1.0,9.0,176.2
3373,1126.0,1.0,167.2,1.0,9.0,176.2
3374,1679.0,1.0,167.2,1.0,9.0,176.2
3375,1636.0,1.0,167.2,1.0,9.0,176.2
3376,2311.0,1.0,167.2,1.0,9.0,176.2
3377,205.0,1.0,167.2,1.0,9.0,176.2
3378,775.0,1.5,167.2,1.0,9.0,180.7
3379,2344.0,1.5,167.2,1.0,9.0,180.7
3380,0.0,1.5,167.2,1.0,9.0,180.7
3381,117.0,1.5,167.2,1.0,9.0,180.7
3382,0.0,1.5,167.2,1.0,9.0,180.7
3383,426.0,1.5,167.2,1.0,9.0,180.7
3384,0.0,1.5,167.2,1.0,9.0,180.7
3385,0.0,1.5,167.2,1.0,9.0,180.7
3386,9.0,1.5,167.2,1.0,9.0,180.7
3387,510.0,1.5,167.2,1.0,9.0,180.7
3388,38.0,1.5,167.2,1.0,9.0,180.7
3389,0.0,1.5,167.2,1.0,9.0,180.7
3390,530.0,1.5,167.2,1.0,9.0,180.7
3391,1456.0,1.5,167.2,1.0,9.0,180.7
3392,0.0,1.5,167.2,1.0,9.0,180.7
3393,0.0,1.0,167.2,1.0,9.0,176.2
3394,0.0,1.0,167.2,1.0,9.0,176.2
3395,0.0,1.0,167.2,1.0,9.0,176.2
3396,0.0,1.0,167.2,1.0,9.0,176.2
3397,0.0,1.0,167.2,1.0,9.0,176.2
3398,0.0,1.0,167.2,1.0,9.0,176.2
3399,0.0,1.0,167.2,1.0,9.0,176.2
3400,0.0,1.0,167.2,1.0,9.0,176.2
3401,0.0,1.0,167.2,1.0,9.0,176.2
3402,0.0,1.5,167.2,1.0,9.0,180.7
3403,0.0,1.5,167.2,1.0,9.0,180.7
3404,0.0,1.5,167.2,1.0,9.0,180.7
3405,0.0,1.5,167.2,1.0,9.0,180.7
3406,0.0,1.5,167.2,1.0,9.0,180.7
3407,0.0,1.5,167.2,1.0,9.0,180.7
3408,0.0,1.5,167.2,1.0,9.0,180.7
3409,0.0,1.5,167.2,1.0,9.0,180.7
3410,0.0,1.5,167.2,1.0,9.0,180.7
3411,0.0,1.5,167.2,1.0,9.0,180.7
3412,0.0,1.5,167.2,1.0,9.0,180.7
3413,0.0,1.5,167.2,1.0,9.0,180.7
3414,0.0,1.5,167.2,1.0,9.0,180.7
3415,0.0,1.5,167.2,1.0,9.0,180.7
3416,0.0,1.5,167.2,1.0,9.0,180.7
3417,0.0,1.0,167.2,1.0,9.0,176.2
3418,0.0,1.0,167.2,1.0,9.0,176.2
3419,0.0,1.0,167.2,1.0,9.0,176.2
3420,0.0,1.0,167.2,1.0,9.0,176.2
3421,0.0,1.0,167.2,1.0,9.0,176.2
3422,0.0,1.0,167.2,1.0,9.0,176.2
3423,0.0,1.0,167.2,1.0,9.0,176.2
3424,0.0,1.0,167.2,1.0,9.0,176.2
3425,0.0,1.0,167.2,1.0,9.0,176.2
3426,0.0,1.5,167.2,1.0,9.0,180.7
3427,0.0,1.5,167.2,1.0,9.0,180.7
3428,0.0,1.5,167.2,1.0,9.0,180.7
3429,0.0,1.5,167.2,1.0,9.0,180.7
3430,0.0,1.5,167.2,1.0,9.0,180.7
3431,0.0,1.5,167.2,1.0,9.0,180.7
3432,0.0,1.5,167.2,1.0,9.0,180.7
3433,0.0,1.5,167.2,1.0,9.0,180.7
3434,0.0,1.5,167.2,1.0,9.0,180.7
3435,0.0,1.5,167.2,1.0,9.0,180.7
3436,0.0,1.5,167.2,1.0,9.0,180.7
3437,0.0,1.5,167.2,1.0,9.0,180.7
3438,0.0,1.5,167.2,1.0,9.0,180.7
3439,0.0,1.5,167.2,1.0,9.0,180.7
3440,321.0,1.5,167.2,1.0,9.0,180.7
3441,751.0,1.0,167.2,1.0,9.0,176.2
3442,290.0,1.0,167.2,1.0,9.0,176.2
3443,2479.0,1.0,167.2,1.0,9.0,176.2
3444,98.0,1.0,167.2,1.0,9.0,176.2
3445,1982.0,1.0,167.2,1.0,9.0,176.2
3446,1083.0,1.0,167.2,1.0,9.0,176.2
3447,1428.0,1.0,167.2,1.0,9.0,176.2
3448,970.0,1.0,167.2,1.0,9.0,176.2
3449,1942.0,1.0,167.2,1.0,9.0,176.2
3450,1279.0,1.5,167.2,1.0,9.0,180.7
3451,3527.0,1.5,167.2,1.0,9.0,180.7
3452,1.0,1.5,167.2,1.0,9.0,180.7
3453,384.0,1.5,167.2,1.0,9.0,180.7
3454,50.0,1.5,167.2,1.0,9.0,180.7
3455,0.0,1.5,167.2,1.0,9.0,180.7
3456,636.0,1.5,167.2,1.0,9.0,180.7
3457,258.0,1.5,167.2,1.0,9.0,180.7
3458,206.0,1.5,167.2,1.0,9.0,180.7
3459,112.0,1.5,167.2,1.0,9.0,180.7
3460,133.0,1.5,167.2,1.0,9.0,180.7
3461,0.0,1.5,167.2,1.0,9.0,180.7
3462,281.0,1.5,167.2,1.0,9.0,180.7
3463,1788.0,1.5,167.2,1.0,9.0,180.7
3464,531.0,1.5,167.2,1.0,9.0,180.7
3465,696.0,1.0,167.2,1.0,9.0,176.2
3466,272.0,1.0,167.2,1.0,9.0,176.2
3467,1617.0,1.0,167.2,1.0,9.0,176.2
3468,34.0,1.0,167.2,1.0,9.0,176.2
3469,1870.0,1.0,167.2,1.0,9.0,176.2
3470,986.0,1.0,167.2,1.0,9.0,176.2
3471,1093.0,1.0,167.2,1.0,9.0,176.2
3472,3956.0,1.0,167.2,1.0,9.0,176.2
3473,608.0,1.0,167.2,1.0,9.0,176.2
3474,1607.0,1.5,167.2,1.0,9.0,180.7
3475,4666.0,1.5,167.2,1.0,9.0,180.7
3476,21.0,1.5,167.2,1.0,9.0,180.7
3477,227.0,1.5,167.2,1.0,9.0,180.7
3478,271.0,1.5,167.2,1.0,9.0,180.7
3479,152.0,1.5,167.2,1.0,9.0,180.7
3480,140.0,1.5,167.2,1.0,9.0,180.7
3481,159.0,1.5,167.2,1.0,9.0,180.7
3482,268.0,1.5,167.2,1.0,9.0,180.7
3483,228.0,1.5,167.2,1.0,9.0,180.7
3484,78.0,1.5,167.2,1.0,9.0,180.7
3485,123.0,1.5,167.2,1.0,9.0,180.7
3486,554.0,1.5,167.2,1.0,9.0,180.7
3487,1505.0,1.5,167.2,1.0,9.0,180.7
3488,1027.0,1.5,167.2,1.0,9.0,180.7
3489,824.0,1.0,167.2,1.0,9.0,176.2
3490,2179.0,1.0,167.2,1.0,9.0,176.2
3491,608.0,1.0,167.2,1.0,9.0,176.2
3492,12.0,1.0,167.2,1.0,9.0,176.2
3493,2094.0,1.0,167.2,1.0,9.0,176.2
3494,2331.0,1.0,167.2,1.0,9.0,176.2
3495,1622.0,1.0,167.2,1.0,9.0,176.2
3496,1630.0,1.0,167.2,1.0,9.0,176.2
3497,135.0,1.0,167.2,1.0,9.0,176.2
3498,1712.0,1.5,167.2,1.0,9.0,180.7
3499,2100.0,1.5,167.2,1.0,9.0,180.7
3500,8.0,1.5,167.2,1.0,9.0,180.7
3501,226.0,1.5,167.2,1.0,9.0,180.7
3502,381.0,1.5,167.2,1.0,9.0,180.7
3503,0.0,1.5,167.2,1.0,9.0,180.7
3504,209.0,1.5,167.2,1.0,9.0,180.7
3505,119.0,1.5,167.2,1.0,9.0,180.7
3506,142.0,1.5,167.2,1.0,9.0,180.7
3507,213.0,1.5,167.2,1.0,9.0,180.7
3508,176.0,1.5,167.2,1.0,9.0,180.7
3509,116.0,1.5,167.2,1.0,9.0,180.7
3510,357.0,1.5,167.2,1.0,9.0,180.7
3511,2019.0,1.5,167.2,1.0,9.0,180.7
3512,427.0,1.5,167.2,1.0,9.0,180.7
3513,2079.0,1.0,167.2,1.0,9.0,176.2
3514,4955.0,1.0,167.2,1.0,9.0,176.2
3515,1339.0,1.0,167.2,1.0,9.0,176.2
3516,156.0,1.0,167.2,1.0,9.0,176.2
3517,811.0,1.0,167.2,1.0,9.0,176.2
3518,2083.0,1.0,167.2,1.0,9.0,176.2
3519,906.0,1.0,167.2,1.0,9.0,176.2
3520,1851.0,1.0,167.2,1.0,9.0,176.2
3521,113.0,1.0,167.2,1.0,9.0,176.2
3522,1428.0,1.5,167.2,1.0,9.0,180.7
3523,374.0,1.5,167.2,1.0,9.0,180.7
3524,0.0,1.5,167.2,1.0,9.0,180.7
3525,30.0,1.5,167.2,1.0,9.0,180.7
3526,81.0,1.5,167.2,1.0,9.0,180.7
3527,633.0,1.5,167.2,1.0,9.0,180.7
3528,160.0,1.5,167.2,1.0,9.0,180.7
3529,108.0,1.5,167.2,1.0,9.0,180.7
3530,220.0,1.5,167.2,1.0,9.0,180.7
3531,93.0,1.5,167.2,1.0,9.0,180.7
3532,128.0,1.5,167.2,1.0,9.0,180.7
3533,27.0,1.5,167.2,1.0,9.0,180.7
3534,51.0,1.5,167.2,1.0,9.0,180.7
3535,2813.0,1.5,167.2,1.0,9.0,180.7
3536,100.0,1.5,167.2,1.0,9.0,180.7
3537,1462.0,1.0,167.2,1.0,9.0,176.2
3538,661.0,1.0,167.2,1.0,9.0,176.2
3539,1637.0,1.0,167.2,1.0,9.0,176.2
3540,498.0,1.0,167.2,1.0,9.0,176.2
3541,912.0,1.0,167.2,1.0,9.0,176.2
3542,170.0,1.0,167.2,1.0,9.0,176.2
3543,1078.0,1.0,167.2,1.0,9.0,176.2
3544,5505.0,1.0,167.2,1.0,9.0,176.2
3545,300.0,1.0,167.2,1.0,9.0,176.2
3546,1060.0,1.5,167.2,1.0,9.0,180.7
3547,1090.0,1.5,167.2,1.0,9.0,180.7
3548,80.0,1.5,167.2,1.0,9.0,180.7
3549,61.0,1.5,167.2,1.0,9.0,180.7
3550,617.0,1.5,167.2,1.0,9.0,180.7
3551,42.0,1.5,167.2,1.0,9.0,180.7
3552,32.0,1.5,167.2,1.0,9.0,180.7
3553,578.0,1.5,167.2,1.0,9.0,180.7
3554,111.0,1.5,167.2,1.0,9.0,180.7
3555,216.0,1.5,167.2,1.0,9.0,180.7
3556,230.0,1.5,167.2,1.0,9.0,180.7
3557,6.0,1.5,167.2,1.0,9.0,180.7
3558,368.0,1.5,167.2,1.0,9.0,180.7
3559,1530.0,1.5,167.2,1.0,9.0,180.7
3560,0.0,1.5,167.2,1.0,9.0,180.7
3561,0.0,1.0,167.2,1.0,9.0,176.2
3562,0.0,1.0,167.2,1.0,9.0,176.2
3563,0.0,1.0,167.2,1.0,9.0,176.2
3564,0.0,1.0,167.2,1.0,9.0,176.2
3565,0.0,1.0,167.2,1.0,9.0,176.2
3566,0.0,1.0,167.2,1.0,9.0,176.2
3567,0.0,1.0,167.2,1.0,9.0,176.2
3568,0.0,1.0,167.2,1.0,9.0,176.2
3569,0.0,1.0,167.2,1.0,9.0,176.2
3570,0.0,1.5,167.2,1.0,9.0,180.7
3571,0.0,1.5,167.2,1.0,9.0,180.7
3572,0.0,1.5,167.2,1.0,9.0,180.7
3573,0.0,1.5,167.2,1.0,9.0,180.7
3574,0.0,1.5,167.2,1.0,9.0,180.7
3575,0.0,1.5,167.2,1.0,9.0,180.7
3576,0.0,1.5,167.2,1.0,9.0,180.7
3577,0.0,1.5,167.2,1.0,9.0,180.7
3578,0.0,1.5,167.2,1.0,9.0,180.7
3579,0.0,1.5,167.2,1.0,9.0,180.7
3580,0.0,1.5,167.2,1.0,9.0,180.7
3581,0.0,1.5,167.2,1.0,9.0,180.7
3582,0.0,1.5,167.2,1.0,9.0,180.7
3583,0.0,1.5,167.2,1.0,9.0,180.7
3584,0.0,1.5,167.2,1.0,9.0,180.7
3585,0.0,1.0,167.2,1.0,9.0,176.2
3586,0.0,1.0,167.2,1.0,9.0,176.2
3587,0.0,1.0,167.2,1.0,9.0,176.2
3588,0.0,1.0,167.2,1.0,9.0,176.2
3589,0.0,1.0,167.2,1.0,9.0,176.2
3590,0.0,1.0,167.2,1.0,9.0,176.2
3591,0.0,1.0,167.2,1.0,9.0,176.2
3592,0.0,1.0,167.2,1.0,9.0,176.2
3593,0.0,1.0,167.2,1.0,9.0,176.2
3594,0.0,1.5,167.2,1.0,9.0,180.7
3595,0.0,1.5,167.2,1.0,9.0,180.7
3596,0.0,1.5,167.2,1.0,9.0,180.7
3597,0.0,1.5,167.2,1.0,9.0,180.7
3598,0.0,1.5,167.2,1.0,9.0,180.7
3599,0.0,1.5,167.2,1.0,9.0,180.7
3600,0.0,1.5,167.2,1.0,9.0,180.7
3601,0.0,1.5,167.2,1.0,9.0,180.7
3602,0.0,1.5,167.2,1.0,9.0,180.7
3603,0.0,1.5,167.2,1.0,9.0,180.7
3604,0.0,1.5,167.2,1.0,9.0,180.7
3605,0.0,1.5,167.2,1.0,9.0,180.7
3606,0.0,1.5,167.2,1.0,9.0,180.7
3607,0.0,1.5,167.2,1.0,9.0,180.7
3608,697.0,1.5,167.2,1.0,9.0,180.7
3609,901.0,1.0,167.2,1.0,9.0,176.2
3610,1373.0,1.0,167.2,1.0,9.0,176.2
3611,1278.0,1.0,167.2,1.0,9.0,176.2
3612,246.0,1.0,167.2,1.0,9.0,176.2
3613,647.0,1.0,167.2,1.0,9.0,176.2
3614,806.0,1.0,167.2,1.0,9.0,176.2
3615,2767.0,1.0,167.2,1.0,9.0,176.2
3616,2857.0,1.0,167.2,1.0,9.0,176.2
3617,705.0,1.0,167.2,1.0,9.0,176.2
3618,1370.0,1.5,167.2,1.0,9.0,180.7
3619,3082.0,1.5,167.2,1.0,9.0,180.7
3620,186.0,1.5,167.2,1.0,9.0,180.7
3621,130.0,1.5,167.2,1.0,9.0,180.7
3622,77.0,1.5,167.2,1.0,9.0,180.7
3623,154.0,1.5,167.2,1.0,9.0,180.7
3624,457.0,1.5,191.6,1.0,9.0,205.1
3625,80.0,1.5,191.6,1.0,9.0,205.1
3626,135.0,1.5,191.6,1.0,9.0,205.1
3627,51.0,1.5,191.6,1.0,9.0,205.1
3628,138.0,1.5,191.6,1.0,9.0,205.1
3629,64.0,1.5,191.6,1.0,9.0,205.1
3630,48.0,1.5,191.6,1.0,9.0,205.1
3631,1235.0,1.5,191.6,1.0,9.0,205.1
3632,1518.0,1.5,191.6,1.0,9.0,205.1
3633,966.0,1.0,191.6,1.0,9.0,200.6
3634,715.0,1.0,191.6,1.0,9.0,200.6
3635,330.0,1.0,191.6,1.0,9.0,200.6
3636,554.0,1.0,191.6,1.0,9.0,200.6
3637,476.0,1.0,191.6,1.0,9.0,200.6
3638,2349.0,1.0,191.6,1.0,9.0,200.6
3639,1584.0,1.0,191.6,1.0,9.0,200.6
3640,1645.0,1.0,191.6,1.0,9.0,200.6
3641,438.0,1.0,191.6,1.0,9.0,200.6
3642,1643.0,1.5,191.6,1.0,9.0,205.1
3643,2795.0,1.5,191.6,1.0,9.0,205.1
3644,112.0,1.5,191.6,1.0,9.0,205.1
3645,158.0,1.5,191.6,1.0,9.0,205.1
3646,140.0,1.5,191.6,1.0,9.0,205.1
3647,73.0,1.5,191.6,1.0,9.0,205.1
3648,0.0,1.5,191.6,1.0,9.0,205.1
3649,8.0,1.5,191.6,1.0,9.0,205.1
3650,322.0,1.5,191.6,1.0,9.0,205.1
3651,268.0,1.5,191.6,1.0,9.0,205.1
3652,102.0,1.5,191.6,1.0,9.0,205.1
3653,0.0,1.5,191.6,1.0,9.0,205.1
3654,160.0,1.5,191.6,1.0,9.0,205.1
3655,1339.0,1.5,191.6,1.0,9.0,205.1
3656,338.0,1.5,191.6,1.0,9.0,205.1
3657,1944.0,1.0,191.6,1.0,9.0,200.6
3658,764.0,1.0,191.6,1.0,9.0,200.6
3659,2183.0,1.0,191.6,1.0,9.0,200.6
3660,343.0,1.0,191.6,1.0,9.0,200.6
3661,5882.0,1.0,191.6,1.0,9.0,200.6
3662,1072.0,1.0,191.6,1.0,9.0,200.6
3663,822.0,1.0,191.6,1.0,9.0,200.6
3664,2146.0,1.0,191.6,1.0,9.0,200.6
3665,860.0,1.0,191.6,1.0,9.0,200.6
3666,1840.0,1.5,191.6,1.0,9.0,205.1
3667,2444.0,1.5,191.6,1.0,9.0,205.1
3668,0.0,1.5,191.6,1.0,9.0,205.1
3669,34.0,1.5,191.6,1.0,9.0,205.1
3670,77.0,1.5,191.6,1.0,9.0,205.1
3671,672.0,1.5,191.6,1.0,9.0,205.1
3672,0.0,1.5,191.6,1.0,9.0,205.1
3673,286.0,1.5,191.6,1.0,9.0,205.1
3674,120.0,1.5,191.6,1.0,9.0,205.1
3675,200.0,1.5,191.6,1.0,9.0,205.1
3676,232.0,1.5,191.6,1.0,9.0,205.1
3677,87.0,1.5,191.6,1.0,9.0,205.1
3678,48.0,1.5,191.6,1.0,9.0,205.1
3679,935.0,1.5,191.6,1.0,9.0,205.1
3680,1187.0,1.5,191.6,1.0,9.0,205.1
3681,1096.0,1.0,191.6,1.0,9.0,200.6
3682,956.0,1.0,191.6,1.0,9.0,200.6
3683,1969.0,1.0,191.6,1.0,9.0,200.6
3684,50.0,1.0,191.6,1.0,9.0,200.6
3685,1064.0,1.0,191.6,1.0,9.0,200.6
3686,2090.0,1.0,191.6,1.0,9.0,200.6
3687,1680.0,1.0,191.6,1.0,9.0,200.6
3688,1547.0,1.0,191.6,1.0,9.0,200.6
3689,1830.0,1.0,191.6,1.0,9.0,200.6
3690,4404.0,1.5,191.6,1.0,9.0,205.1
3691,2523.0,1.5,191.6,1.0,9.0,205.1
3692,220.0,1.5,191.6,1.0,9.0,205.1
3693,128.0,1.5,191.6,1.0,9.0,205.1
3694,106.0,1.5,191.6,1.0,9.0,205.1
3695,56.0,1.5,191.6,1.0,9.0,205.1
3696,246.0,1.5,191.6,1.0,9.0,205.1
3697,38.0,1.5,191.6,1.0,9.0,205.1
3698,136.0,1.5,191.6,1.0,9.0,205.1
3699,86.0,1.5,191.6,1.0,9.0,205.1
3700,337.0,1.5,191.6,1.0,9.0,205.1
3701,14.0,1.5,191.6,1.0,9.0,205.1
3702,126.0,1.5,191.6,1.0,9.0,205.1
3703,749.0,1.5,191.6,1.0,9.0,205.1
3704,655.0,1.5,191.6,1.0,9.0,205.1
3705,1270.0,1.0,191.6,1.0,9.0,200.6
3706,1286.0,1.0,191.6,1.0,9.0,200.6
3707,809.0,1.0,191.6,1.0,9.0,200.6
3708,84.0,1.0,191.6,1.0,9.0,200.6
3709,616.0,1.0,191.6,1.0,9.0,200.6
3710,5176.0,1.0,191.6,1.0,9.0,200.6
3711,739.0,1.0,191.6,1.0,9.0,200.6
3712,1164.0,1.0,191.6,1.0,9.0,200.6
3713,306.0,1.0,191.6,1.0,9.0,200.6
3714,638.0,1.5,191.6,1.0,9.0,205.1
3715,1622.0,1.5,191.6,1.0,9.0,205.1
3716,94.0,1.5,191.6,1.0,9.0,205.1
3717,52.0,1.5,191.6,1.0,9.0,205.1
3718,200.0,1.5,191.6,1.0,9.0,205.1
3719,0.0,1.5,191.6,1.0,9.0,205.1
3720,25.0,1.5,191.6,1.0,9.0,205.1
3721,84.0,1.5,191.6,1.0,9.0,205.1
3722,84.0,1.5,191.6,1.0,9.0,205.1
3723,555.0,1.5,191.6,1.0,9.0,205.1
3724,40.0,1.5,191.6,1.0,9.0,205.1
3725,4.0,1.5,191.6,1.0,9.0,205.1
3726,20.0,1.5,191.6,1.0,9.0,205.1
3727,509.0,1.5,191.6,1.0,9.0,205.1
3728,0.0,1.5,191.6,1.0,9.0,205.1
3729,0.0,1.0,191.6,1.0,9.0,200.6
3730,0.0,1.0,191.6,1.0,9.0,200.6
3731,0.0,1.0,191.6,1.0,9.0,200.6
3732,0.0,1.0,191.6,1.0,9.0,200.6
3733,0.0,1.0,191.6,1.0,9.0,200.6
3734,0.0,1.0,191.6,1.0,9.0,200.6
3735,0.0,1.0,191.6,1.0,9.0,200.6
3736,0.0,1.0,191.6,1.0,9.0,200.6
3737,0.0,1.0,191.6,1.0,9.0,200.6
3738,0.0,1.5,191.6,1.0,9.0,205.1
3739,0.0,1.5,191.6,1.0,9.0,205.1
3740,0.0,1.5,191.6,1.0,9.0,205.1
3741,0.0,1.5,191.6,1.0,9.0,205.1
3742,0.0,1.5,191.6,1.0,9.0,205.1
3743,0.0,1.5,191.6,1.0,9.0,205.1
3744,0.0,1.5,191.6,1.0,9.0,205.1
3745,0.0,1.5,191.6,1.0,9.0,205.1
3746,0.0,1.5,191.6,1.0,9.0,205.1
3747,0.0,1.5,191.6,1.0,9.0,205.1
3748,0.0,1.5,191.6,1.0,9.0,205.1
3749,0.0,1.5,191.6,1.0,9.0,205.1
3750,0.0,1.5,191.6,1.0,9.0,205.1
3751,0.0,1.5,191.6,1.0,9.0,205.1
3752,0.0,1.5,191.6,1.0,9.0,205.1
3753,0.0,1.0,191.6,1.0,9.0,200.6
3754,0.0,1.0,191.6,1.0,9.0,200.6
3755,0.0,1.0,191.6,1.0,9.0,200.6
3756,0.0,1.0,191.6,1.0,9.0,200.6
3757,0.0,1.0,191.6,1.0,9.0,200.6
3758,0.0,1.0,191.6,1.0,9.0,200.6
3759,0.0,1.0,191.6,1.0,9.0,200.6
3760,0.0,1.0,191.6,1.0,9.0,200.6
3761,0.0,1.0,191.6,1.0,9.0,200.6
3762,0.0,1.5,191.6,1.0,9.0,205.1
3763,0.0,1.5,191.6,1.0,9.0,205.1
3764,0.0,1.5,191.6,1.0,9.0,205.1
3765,0.0,1.5,191.6,1.0,9.0,205.1
3766,0.0,1.5,191.6,1.0,9.0,205.1
3767,0.0,1.5,191.6,1.0,9.0,205.1
3768,0.0,1.5,191.6,1.0,9.0,205.1
3769,0.0,1.5,191.6,1.0,9.0,205.1
3770,0.0,1.5,191.6,1.0,9.0,205.1
3771,0.0,1.5,191.6,1.0,9.0,205.1
3772,0.0,1.5,191.6,1.0,9.0,205.1
3773,0.0,1.5,191.6,1.0,9.0,205.1
3774,0.0,1.5,191.6,1.0,9.0,205.1
3775,0.0,1.5,191.6,1.0,9.0,205.1
3776,876.0,1.5,191.6,1.0,9.0,205.1
3777,490.0,1.0,191.6,1.0,9.0,200.6
3778,1661.0,1.0,191.6,1.0,9.0,200.6
3779,2549.0,1.0,191.6,1.0,9.0,200.6
3780,100.0,1.0,191.6,1.0,9.0,200.6
3781,1242.0,1.0,191.6,1.0,9.0,200.6
3782,1430.0,1.0,191.6,1.0,9.0,200.6
3783,3211.0,1.0,191.6,1.0,9.0,200.6
3784,826.0,1.0,191.6,1.0,9.0,200.6
3785,98.0,1.0,191.6,1.0,9.0,200.6
3786,2299.0,1.5,191.6,1.0,9.0,205.1
3787,1625.0,1.5,191.6,1.0,9.0,205.1
3788,36.0,1.5,191.6,1.0,9.0,205.1
3789,93.0,1.5,191.6,1.0,9.0,205.1
3790,87.0,1.5,191.6,1.0,9.0,205.1
3791,1.0,1.5,191.6,1.0,9.0,205.1
3792,400.0,1.5,191.6,1.0,9.0,205.1
3793,41.0,1.5,191.6,1.0,9.0,205.1
3794,79.0,1.5,191.6,1.0,9.0,205.1
3795,66.0,1.5,191.6,1.0,9.0,205.1
3796,461.0,1.5,191.6,1.0,9.0,205.1
3797,166.0,1.5,191.6,1.0,9.0,205.1
3798,231.0,1.5,191.6,1.0,9.0,205.1
3799,826.0,1.5,191.6,1.0,9.0,205.1
3800,1348.0,1.5,191.6,1.0,9.0,205.1
3801,2186.0,1.0,191.6,1.0,9.0,200.6
3802,582.0,1.0,191.6,1.0,9.0,200.6
3803,1904.0,1.0,191.6,1.0,9.0,200.6
3804,154.0,1.0,191.6,1.0,9.0,200.6
3805,938.0,1.0,191.6,1.0,9.0,200.6
3806,1321.0,1.0,191.6,1.0,9.0,200.6
3807,1058.0,1.0,191.6,1.0,9.0,200.6
3808,1570.0,1.0,191.6,1.0,9.0,200.6
3809,485.0,1.0,191.6,1.0,9.0,200.6
3810,1743.0,1.5,191.6,1.0,9.0,205.1
3811,915.0,1.5,191.6,1.0,9.0,205.1
3812,103.0,1.5,191.6,1.0,9.0,205.1
3813,10.0,1.5,191.6,1.0,9.0,205.1
3814,430.0,1.5,191.6,1.0,9.0,205.1
3815,140.0,1.5,191.6,1.0,9.0,205.1
3816,4.0,1.5,191.6,1.0,9.0,205.1
3817,21.0,1.5,191.6,1.0,9.0,205.1
3818,600.0,1.5,191.6,1.0,9.0,205.1
3819,54.0,1.5,191.6,1.0,9.0,205.1
3820,50.0,1.5,191.6,1.0,9.0,205.1
3821,0.0,1.5,191.6,1.0,9.0,205.1
3822,246.0,1.5,191.6,1.0,9.0,205.1
3823,746.0,1.5,191.6,1.0,9.0,205.1
3824,648.0,1.5,191.6,1.0,9.0,205.1
3825,1219.0,1.0,191.6,1.0,9.0,200.6
3826,5042.0,1.0,191.6,1.0,9.0,200.6
3827,777.0,1.0,191.6,1.0,9.0,200.6
3828,0.0,1.0,191.6,1.0,9.0,200.6
3829,1455.0,1.0,191.6,1.0,9.0,200.6
3830,567.0,1.0,191.6,1.0,9.0,200.6
3831,733.0,1.0,191.6,1.0,9.0,200.6
3832,1098.0,1.0,191.6,1.0,9.0,200.6
3833,705.0,1.0,191.6,1.0,9.0,200.6
3834,181.0,1.5,191.6,1.0,9.0,205.1
3835,2022.0,1.5,191.6,1.0,9.0,205.1
3836,44.0,1.5,191.6,1.0,9.0,205.1
3837,104.0,1.5,191.6,1.0,9.0,205.1
3838,219.0,1.5,191.6,1.0,9.0,205.1
3839,135.0,1.5,191.6,1.0,9.0,205.1
3840,0.0,1.5,191.6,1.0,9.0,205.1
3841,0.0,1.5,191.6,1.0,9.0,205.1
3842,0.0,1.5,191.6,1.0,9.0,205.1
3843,43.0,1.5,191.6,1.0,9.0,205.1
3844,133.0,1.5,191.6,1.0,9.0,205.1
3845,61.0,1.5,191.6,1.0,9.0,205.1
3846,80.0,1.5,191.6,1.0,9.0,205.1
3847,738.0,1.5,191.6,1.0,9.0,205.1
3848,493.0,1.5,191.6,1.0,9.0,205.1
3849,32.0,1.0,191.6,1.0,9.0,200.6
3850,2032.0,1.0,191.6,1.0,9.0,200.6
3851,829.0,1.0,191.6,1.0,9.0,200.6
3852,1000.0,1.0,191.6,1.0,9.0,200.6
3853,1013.0,1.0,191.6,1.0,9.0,200.6
3854,481.0,1.0,191.6,1.0,9.0,200.6
3855,364.0,1.0,191.6,1.0,9.0,200.6
3856,2990.0,1.0,191.6,1.0,9.0,200.6
3857,669.0,1.0,191.6,1.0,9.0,200.6
3858,529.0,1.5,191.6,1.0,9.0,205.1
3859,1095.0,1.5,191.6,1.0,9.0,205.1
3860,31.0,1.5,191.6,1.0,9.0,205.1
3861,300.0,1.5,191.6,1.0,9.0,205.1
3862,201.0,1.5,191.6,1.0,9.0,205.1
3863,153.0,1.5,191.6,1.0,9.0,205.1
3864,52.0,1.5,191.6,1.0,9.0,205.1
3865,176.0,1.5,191.6,1.0,9.0,205.1
3866,180.0,1.5,191.6,1.0,9.0,205.1
3867,20.0,1.5,191.6,1.0,9.0,205.1
3868,0.0,1.5,191.6,1.0,9.0,205.1
3869,496.0,1.5,191.6,1.0,9.0,205.1
3870,110.0,1.5,191.6,1.0,9.0,205.1
3871,1170.0,1.5,191.6,1.0,9.0,205.1
3872,497.0,1.5,191.6,1.0,9.0,205.1
3873,569.0,1.0,191.6,1.0,9.0,200.6
3874,921.0,1.0,191.6,1.0,9.0,200.6
3875,3102.0,1.0,191.6,1.0,9.0,200.6
3876,436.0,1.0,191.6,1.0,9.0,200.6
3877,1017.0,1.0,191.6,1.0,9.0,200.6
3878,829.0,1.0,191.6,1.0,9.0,200.6
3879,972.0,1.0,191.6,1.0,9.0,200.6
3880,1834.0,1.0,191.6,1.0,9.0,200.6
3881,1114.0,1.0,191.6,1.0,9.0,200.6
3882,986.0,1.5,191.6,1.0,9.0,205.1
3883,1237.0,1.5,191.6,1.0,9.0,205.1
3884,237.0,1.5,191.6,1.0,9.0,205.1
3885,108.0,1.5,191.6,1.0,9.0,205.1
3886,42.0,1.5,191.6,1.0,9.0,205.1
3887,16.0,1.5,191.6,1.0,9.0,205.1
3888,0.0,1.5,191.6,1.0,9.0,205.1
3889,77.0,1.5,191.6,1.0,9.0,205.1
3890,1424.0,1.5,191.6,1.0,9.0,205.1
3891,98.0,1.5,191.6,1.0,9.0,205.1
3892,56.0,1.5,191.6,1.0,9.0,205.1
3893,44.0,1.5,191.6,1.0,9.0,205.1
3894,658.0,1.5,191.6,1.0,9.0,205.1
3895,65.0,1.5,191.6,1.0,9.0,205.1
3896,0.0,1.5,191.6,1.0,9.0,205.1
3897,0.0,1.0,191.6,1.0,9.0,200.6
3898,0.0,1.0,191.6,1.0,9.0,200.6
3899,0.0,1.0,191.6,1.0,9.0,200.6
3900,0.0,1.0,191.6,1.0,9.0,200.6
3901,0.0,1.0,191.6,1.0,9.0,200.6
3902,0.0,1.0,191.6,1.0,9.0,200.6
3903,0.0,1.0,191.6,1.0,9.0,200.6
3904,0.0,1.0,191.6,1.0,9.0,200.6
3905,0.0,1.0,191.6,1.0,9.0,200.6
3906,0.0,1.5,191.6,1.0,9.0,205.1
3907,0.0,1.5,191.6,1.0,9.0,205.1
3908,0.0,1.5,191.6,1.0,9.0,205.1
3909,0.0,1.5,191.6,1.0,9.0,205.1
3910,0.0,1.5,191.6,1.0,9.0,205.1
3911,0.0,1.5,191.6,1.0,9.0,205.1
3912,0.0,1.5,191.6,1.0,9.0,205.1
3913,0.0,1.5,191.6,1.0,9.0,205.1
3914,0.0,1.5,191.6,1.0,9.0,205.1
3915,0.0,1.5,191.6,1.0,9.0,205.1
3916,0.0,1.5,191.6,1.0,9.0,205.1
3917,0.0,1.5,191.6,1.0,9.0,205.1
3918,0.0,1.5,191.6,1.0,9.0,205.1
3919,0.0,1.5,191.6,1.0,9.0,205.1
3920,0.0,1.5,191.6,1.0,9.0,205.1
3921,0.0,1.0,191.6,1.0,9.0,200.6
3922,0.0,1.0,191.6,1.0,9.0,200.6
3923,0.0,1.0,191.6,1.0,9.0,200.6
3924,0.0,1.0,191.6,1.0,9.0,200.6
3925,0.0,1.0,191.6,1.0,9.0,200.6
3926,0.0,1.0,191.6,1.0,9.0,200.6
3927,0.0,1.0,191.6,1.0,9.0,200.6
3928,0.0,1.0,191.6,1.0,9.0,200.6
3929,0.0,1.0,191.6,1.0,9.0,200.6
3930,0.0,1.5,191.6,1.0,9.0,205.1
3931,0.0,1.5,191.6,1.0,9.0,205.1
3932,0.0,1.5,191.6,1.0,9.0,205.1
3933,0.0,1.5,191.6,1.0,9.0,205.1
3934,0.0,1.5,191.6,1.0,9.0,205.1
3935,0.0,1.5,191.6,1.0,9.0,205.1
3936,0.0,1.5,191.6,1.0,9.0,205.1
3937,0.0,1.5,191.6,1.0,9.0,205.1
3938,0.0,1.5,191.6,1.0,9.0,205.1
3939,0.0,1.5,191.6,1.0,9.0,205.1
3940,0.0,1.5,191.6,1.0,9.0,205.1
3941,0.0,1.5,191.6,1.0,9.0,205.1
3942,0.0,1.5,191.6,1.0,9.0,205.1
3943,0.0,1.5,191.6,1.0,9.0,205.1
3944,218.0,1.5,191.6,1.0,9.0,205.1
3945,701.0,1.0,191.6,1.0,9.0,200.6
3946,434.0,1.0,191.6,1.0,9.0,200.6
3947,1351.0,1.0,191.6,1.0,9.0,200.6
3948,0.0,1.0,191.6,1.0,9.0,200.6
3949,2839.0,1.0,191.6,1.0,9.0,200.6
3950,984.0,1.0,191.6,1.0,9.0,200.6
3951,960.0,1.0,191.6,1.0,9.0,200.6
3952,744.0,1.0,191.6,1.0,9.0,200.6
3953,1417.0,1.0,191.6,1.0,9.0,200.6
3954,829.0,1.5,191.6,1.0,9.0,205.1
3955,2256.0,1.5,191.6,1.0,9.0,205.1
3956,2.0,1.5,191.6,1.0,9.0,205.1
3957,380.0,1.5,191.6,1.0,9.0,205.1
3958,0.0,1.5,191.6,1.0,9.0,205.1
3959,18.0,1.5,191.6,1.0,9.0,205.1
3960,468.0,1.5,191.6,1.0,9.0,205.1
3961,0.0,1.5,191.6,1.0,9.0,205.1
3962,110.0,1.5,191.6,1.0,9.0,205.1
3963,69.0,1.5,191.6,1.0,9.0,205.1
3964,69.0,1.5,191.6,1.0,9.0,205.1
3965,0.0,1.5,191.6,1.0,9.0,205.1
3966,128.0,1.5,191.6,1.0,9.0,205.1
3967,1228.0,1.5,191.6,1.0,9.0,205.1
3968,2120.0,1.5,191.6,1.0,9.0,205.1
3969,1455.0,1.0,191.6,1.0,9.0,200.6
3970,1189.0,1.0,191.6,1.0,9.0,200.6
3971,1370.0,1.0,191.6,1.0,9.0,200.6
3972,274.0,1.0,191.6,1.0,9.0,200.6
3973,2845.0,1.0,191.6,1.0,9.0,200.6
3974,923.0,1.0,191.6,1.0,9.0,200.6
3975,994.0,1.0,191.6,1.0,9.0,200.6
3976,3214.0,1.0,191.6,1.0,9.0,200.6
3977,602.0,1.0,191.6,1.0,9.0,200.6
3978,2017.0,1.5,191.6,1.0,9.0,205.1
3979,1905.0,1.5,191.6,1.0,9.0,205.1
3980,1.0,1.5,191.6,1.0,9.0,205.1
3981,338.0,1.5,191.6,1.0,9.0,205.1
3982,24.0,1.5,191.6,1.0,9.0,205.1
3983,191.0,1.5,191.6,1.0,9.0,205.1
3984,550.0,1.5,191.6,1.0,9.0,205.1
3985,22.0,1.5,191.6,1.0,9.0,205.1
3986,175.0,1.5,191.6,1.0,9.0,205.1
3987,453.0,1.5,191.6,1.0,9.0,205.1
3988,85.0,1.5,191.6,1.0,9.0,205.1
3989,226.0,1.5,191.6,1.0,9.0,205.1
3990,194.0,1.5,191.6,1.0,9.0,205.1
3991,682.0,1.5,191.6,1.0,9.0,205.1
3992,1140.0,1.5,191.6,1.0,9.0,205.1
3993,1405.0,1.0,191.6,1.0,9.0,200.6
3994,873.0,1.0,191.6,1.0,9.0,200.6
3995,376.0,1.0,191.6,1.0,9.0,200.6
3996,776.0,1.0,191.6,1.0,9.0,200.6
3997,908.0,1.0,191.6,1.0,9.0,200.6
3998,2028.0,1.0,191.6,1.0,9.0,200.6
3999,1068.0,1.0,191.6,1.0,9.0,200.6
4000,1631.0,1.0,191.6,1.0,9.0,200.6
4001,69.0,1.0,191.6,1.0,9.0,200.6
4002,914.0,1.5,191.6,1.0,9.0,205.1
4003,2889.0,1.5,191.6,1.0,9.0,205.1
4004,289.0,1.5,191.6,1.0,9.0,205.1
4005,31.0,1.5,191.6,1.0,9.0,205.1
4006,201.0,1.5,191.6,1.0,9.0,205.1
4007,0.0,1.5,191.6,1.0,9.0,205.1
4008,0.0,1.5,191.6,1.0,9.0,205.1
4009,29.0,1.5,191.6,1.0,9.0,205.1
4010,141.0,1.5,191.6,1.0,9.0,205.1
4011,36.0,1.5,191.6,1.0,9.0,205.1
4012,160.0,1.5,191.6,1.0,9.0,205.1
4013,16.0,1.5,191.6,1.0,9.0,205.1
4014,231.0,1.5,191.6,1.0,9.0,205.1
4015,591.0,1.5,191.6,1.0,9.0,205.1
4016,1191.0,1.5,191.6,1.0,9.0,205.1
4017,987.0,1.0,191.6,1.0,9.0,200.6
4018,711.0,1.0,191.6,1.0,9.0,200.6
4019,3403.0,1.0,191.6,1.0,9.0,200.6
4020,202.0,1.0,191.6,1.0,9.0,200.6
4021,1735.0,1.0,191.6,1.0,9.0,200.6
4022,802.0,1.0,191.6,1.0,9.0,200.6
4023,1135.0,1.0,191.6,1.0,9.0,200.6
4024,358.0,1.0,191.6,1.0,9.0,200.6
4025,991.0,1.0,191.6,1.0,9.0,200.6
4026,1558.0,1.5,191.6,1.0,9.0,205.1
4027,2358.0,1.5,191.6,1.0,9.0,205.1
4028,6.0,1.5,191.6,1.0,9.0,205.1
4029,2.0,1.5,191.6,1.0,9.0,205.1
4030,28.0,1.5,191.6,1.0,9.0,205.1
4031,10.0,1.5,191.6,1.0,9.0,205.1
4032,200.0,1.5,191.6,1.0,9.0,205.1
4033,191.0,1.5,191.6,1.0,9.0,205.1
4034,98.0,1.5,191.6,1.0,9.0,205.1
4035,185.0,1.5,191.6,1.0,9.0,205.1
4036,0.0,1.5,191.6,1.0,9.0,205.1
4037,0.0,1.5,191.6,1.0,9.0,205.1
4038,460.0,1.5,191.6,1.0,9.0,205.1
4039,1086.0,1.5,191.6,1.0,9.0,205.1
4040,470.0,1.5,191.6,1.0,9.0,205.1
4041,680.0,1.0,191.6,1.0,9.0,200.6
4042,771.0,1.0,191.6,1.0,9.0,200.6
4043,982.0,1.0,191.6,1.0,9.0,200.6
4044,235.0,1.0,191.6,1.0,9.0,200.6
4045,2310.0,1.0,191.6,1.0,9.0,200.6
4046,1500.0,1.0,191.6,1.0,9.0,200.6
4047,805.0,1.0,191.6,1.0,9.0,200.6
4048,1065.0,1.0,191.6,1.0,9.0,200.6
4049,527.0,1.0,191.6,1.0,9.0,200.6
4050,766.0,1.5,191.6,1.0,9.0,205.1
4051,3528.0,1.5,191.6,1.0,9.0,205.1
4052,322.0,1.5,191.6,1.0,9.0,205.1
4053,92.0,1.5,191.6,1.0,9.0,205.1
4054,33.0,1.5,191.6,1.0,9.0,205.1
4055,70.0,1.5,191.6,1.0,9.0,205.1
4056,104.0,1.5,191.6,1.0,9.0,205.1
4057,102.0,1.5,191.6,1.0,9.0,205.1
4058,6.0,1.5,191.6,1.0,9.0,205.1
4059,50.0,1.5,191.6,1.0,9.0,205.1
4060,0.0,1.5,191.6,1.0,9.0,205.1
4061,3.0,1.5,191.6,1.0,9.0,205.1
4062,450.0,1.5,191.6,1.0,9.0,205.1
4063,844.0,1.5,191.6,1.0,9.0,205.1
4064,0.0,1.5,191.6,1.0,9.0,205.1
4065,0.0,1.0,191.6,1.0,9.0,200.6
4066,0.0,1.0,191.6,1.0,9.0,200.6
4067,0.0,1.0,191.6,1.0,9.0,200.6
4068,0.0,1.0,191.6,1.0,9.0,200.6
4069,0.0,1.0,191.6,1.0,9.0,200.6
4070,0.0,1.0,191.6,1.0,9.0,200.6
4071,0.0,1.0,191.6,1.0,9.0,200.6
4072,0.0,1.0,191.6,1.0,9.0,200.6
4073,0.0,1.0,191.6,1.0,9.0,200.6
4074,0.0,1.5,191.6,1.0,9.0,205.1
4075,0.0,1.5,191.6,1.0,9.0,205.1
4076,0.0,1.5,191.6,1.0,9.0,205.1
4077,0.0,1.5,191.6,1.0,9.0,205.1
4078,0.0,1.5,191.6,1.0,9.0,205.1
4079,0.0,1.5,191.6,1.0,9.0,205.1
4080,0.0,1.5,191.6,1.0,9.0,205.1
4081,0.0,1.5,191.6,1.0,9.0,205.1
4082,0.0,1.5,191.6,1.0,9.0,205.1
4083,0.0,1.5,191.6,1.0,9.0,205.1
4084,0.0,1.5,191.6,1.0,9.0,205.1
4085,0.0,1.5,191.6,1.0,9.0,205.1
4086,0.0,1.5,191.6,1.0,9.0,205.1
4087,0.0,1.5,191.6,1.0,9.0,205.1
4088,0.0,1.5,191.6,1.0,9.0,205.1
4089,0.0,1.0,191.6,1.0,9.0,200.6
4090,0.0,1.0,191.6,1.0,9.0,200.6
4091,0.0,1.0,191.6,1.0,9.0,200.6
4092,0.0,1.0,191.6,1.0,9.0,200.6
4093,0.0,1.0,191.6,1.0,9.0,200.6
4094,0.0,1.0,191.6,1.0,9.0,200.6
4095,0.0,1.0,191.6,1.0,9.0,200.6
4096,0.0,1.0,191.6,1.0,9.0,200.6
4097,0.0,1.0,191.6,1.0,9.0,200.6
4098,0.0,1.5,191.6,1.0,9.0,205.1
4099,0.0,1.5,191.6,1.0,9.0,205.1
4100,0.0,1.5,191.6,1.0,9.0,205.1
4101,0.0,1.5,191.6,1.0,9.0,205.1
4102,0.0,1.5,191.6,1.0,9.0,205.1
4103,0.0,1.5,191.6,1.0,9.0,205.1
4104,0.0,1.5,191.6,1.0,9.0,205.1
4105,0.0,1.5,191.6,1.0,9.0,205.1
4106,0.0,1.5,191.6,1.0,9.0,205.1
4107,0.0,1.5,191.6,1.0,9.0,205.1
4108,0.0,1.5,191.6,1.0,9.0,205.1
4109,0.0,1.5,191.6,1.0,9.0,205.1
4110,0.0,1.5,191.6,1.0,9.0,205.1
4111,0.0,1.5,191.6,1.0,9.0,205.1
4112,180.0,1.5,191.6,1.0,9.0,205.1
4113,1350.0,1.0,191.6,1.0,9.0,200.6
4114,1175.0,1.0,191.6,1.0,9.0,200.6
4115,2287.0,1.0,191.6,1.0,9.0,200.6
4116,24.0,1.0,191.6,1.0,9.0,200.6
4117,642.0,1.0,191.6,1.0,9.0,200.6
4118,1038.0,1.0,191.6,1.0,9.0,200.6
4119,1258.0,1.0,191.6,1.0,9.0,200.6
4120,955.0,1.0,191.6,1.0,9.0,200.6
4121,1810.0,1.0,191.6,1.0,9.0,200.6
4122,2438.0,1.5,191.6,1.0,9.0,205.1
4123,2118.0,1.5,191.6,1.0,9.0,205.1
4124,137.0,1.5,191.6,1.0,9.0,205.1
4125,72.0,1.5,191.6,1.0,9.0,205.1
4126,100.0,1.5,191.6,1.0,9.0,205.1
4127,56.0,1.5,191.6,1.0,9.0,205.1
4128,226.0,1.5,191.6,1.0,9.0,205.1
4129,24.0,1.5,191.6,1.0,9.0,205.1
4130,0.0,1.5,191.6,1.0,9.0,205.1
4131,606.0,1.5,191.6,1.0,9.0,205.1
4132,40.0,1.5,191.6,1.0,9.0,205.1
4133,850.0,1.5,191.6,1.0,9.0,205.1
4134,157.0,1.5,191.6,1.0,9.0,205.1
4135,1039.0,1.5,191.6,1.0,9.0,205.1
4136,433.0,1.5,191.6,1.0,9.0,205.1
4137,4451.0,1.0,191.6,1.0,9.0,200.6
4138,1033.0,1.0,191.6,1.0,9.0,200.6
4139,1559.0,1.0,191.6,1.0,9.0,200.6
4140,351.0,1.0,191.6,1.0,9.0,200.6
4141,628.0,1.0,191.6,1.0,9.0,200.6
4142,1159.0,1.0,191.6,1.0,9.0,200.6
4143,953.0,1.0,191.6,1.0,9.0,200.6
4144,1619.0,1.0,191.6,1.0,9.0,200.6
4145,276.0,1.0,191.6,1.0,9.0,200.6
4146,907.0,1.5,191.6,1.0,9.0,205.1
4147,2535.0,1.5,191.6,1.0,9.0,205.1
4148,59.0,1.5,191.6,1.0,9.0,205.1
4149,112.0,1.5,191.6,1.0,9.0,205.1
4150,123.0,1.5,191.6,1.0,9.0,205.1
4151,144.0,1.5,191.6,1.0,9.0,205.1
4152,126.0,1.5,191.6,1.0,9.0,205.1
4153,61.0,1.5,191.6,1.0,9.0,205.1
4154,46.0,1.5,191.6,1.0,9.0,205.1
4155,150.0,1.5,191.6,1.0,9.0,205.1
4156,41.0,1.5,191.6,1.0,9.0,205.1
4157,1006.0,1.5,191.6,1.0,9.0,205.1
4158,106.0,1.5,191.6,1.0,9.0,205.1
4159,1090.0,1.5,191.6,1.0,9.0,205.1
4160,898.0,1.5,191.6,1.0,9.0,205.1
4161,1005.0,1.0,191.6,1.0,9.0,200.6
4162,4520.0,1.0,191.6,1.0,9.0,200.6
4163,1185.0,1.0,191.6,1.0,9.0,200.6
4164,16.0,1.0,191.6,1.0,9.0,200.6
4165,854.0,1.0,191.6,1.0,9.0,200.6
4166,1068.0,1.0,191.6,1.0,9.0,200.6
4167,1057.0,1.0,191.6,1.0,9.0,200.6
4168,668.0,1.0,191.6,1.0,9.0,200.6
4169,1183.0,1.0,191.6,1.0,9.0,200.6
4170,1462.0,1.5,191.6,1.0,9.0,205.1
4171,1696.0,1.5,191.6,1.0,9.0,205.1
4172,133.0,1.5,191.6,1.0,9.0,205.1
4173,68.0,1.5,191.6,1.0,9.0,205.1
4174,75.0,1.5,191.6,1.0,9.0,205.1
4175,381.0,1.5,191.6,1.0,9.0,205.1
4176,200.0,1.5,191.6,1.0,9.0,205.1
4177,204.0,1.5,191.6,1.0,9.0,205.1
4178,207.0,1.5,191.6,1.0,9.0,205.1
4179,77.0,1.5,191.6,1.0,9.0,205.1
4180,64.0,1.5,191.6,1.0,9.0,205.1
4181,10.0,1.5,191.6,1.0,9.0,205.1
4182,116.0,1.5,191.6,1.0,9.0,205.1
4183,1695.0,1.5,191.6,1.0,9.0,205.1
4184,429.0,1.5,191.6,1.0,9.0,205.1
4185,902.0,1.0,191.6,1.0,9.0,200.6
4186,2375.0,1.0,191.6,1.0,9.0,200.6
4187,2152.0,1.0,191.6,1.0,9.0,200.6
4188,328.0,1.0,191.6,1.0,9.0,200.6
4189,814.0,1.0,191.6,1.0,9.0,200.6
4190,1221.0,1.0,191.6,1.0,9.0,200.6
4191,2131.0,1.0,191.6,1.0,9.0,200.6
4192,959.0,1.0,191.6,1.0,9.0,200.6
4193,232.0,1.0,191.6,1.0,9.0,200.6
4194,1270.0,1.5,191.6,1.0,9.0,205.1
4195,2119.0,1.5,191.6,1.0,9.0,205.1
4196,31.0,1.5,191.6,1.0,9.0,205.1
4197,21.0,1.5,191.6,1.0,9.0,205.1
4198,0.0,1.5,191.6,1.0,9.0,205.1
4199,86.0,1.5,191.6,1.0,9.0,205.1
4200,0.0,1.5,191.6,1.0,9.0,205.1
4201,13.0,1.5,191.6,1.0,9.0,205.1
4202,72.0,1.5,191.6,1.0,9.0,205.1
4203,1602.0,1.5,191.6,1.0,9.0,205.1
4204,72.0,1.5,191.6,1.0,9.0,205.1
4205,2078.0,1.5,191.6,1.0,9.0,205.1
4206,120.0,1.5,191.6,1.0,9.0,205.1
4207,1336.0,1.5,191.6,1.0,9.0,205.1
4208,1077.0,1.5,191.6,1.0,9.0,205.1
4209,620.0,1.0,191.6,1.0,9.0,200.6
4210,1426.0,1.0,191.6,1.0,9.0,200.6
4211,1382.0,1.0,191.6,1.0,9.0,200.6
4212,262.0,1.0,191.6,1.0,9.0,200.6
4213,1234.0,1.0,191.6,1.0,9.0,200.6
4214,705.0,1.0,191.6,1.0,9.0,200.6
4215,414.0,1.0,191.6,1.0,9.0,200.6
4216,790.0,1.0,191.6,1.0,9.0,200.6
4217,758.0,1.0,191.6,1.0,9.0,200.6
4218,1300.0,1.5,191.6,1.0,9.0,205.1
4219,2139.0,1.5,191.6,1.0,9.0,205.1
4220,10.0,1.5,191.6,1.0,9.0,205.1
4221,16.0,1.5,191.6,1.0,9.0,205.1
4222,303.0,1.5,191.6,1.0,9.0,205.1
4223,229.0,1.5,191.6,1.0,9.0,205.1
4224,0.0,1.5,191.6,1.0,9.0,205.1
4225,204.0,1.5,191.6,1.0,9.0,205.1
4226,875.0,1.5,191.6,1.0,9.0,205.1
4227,62.0,1.5,191.6,1.0,9.0,205.1
4228,205.0,1.5,191.6,1.0,9.0,205.1
4229,130.0,1.5,191.6,1.0,9.0,205.1
4230,0.0,1.5,191.6,1.0,9.0,205.1
4231,2337.0,1.5,191.6,1.0,9.0,205.1
4232,0.0,1.5,191.6,1.0,9.0,205.1
4233,0.0,1.0,191.6,1.0,9.0,200.6
4234,0.0,1.0,191.6,1.0,9.0,200.6
4235,0.0,1.0,191.6,1.0,9.0,200.6
4236,0.0,1.0,191.6,1.0,9.0,200.6
4237,0.0,1.0,191.6,1.0,9.0,200.6
4238,0.0,1.0,191.6,1.0,9.0,200.6
4239,0.0,1.0,191.6,1.0,9.0,200.6
4240,0.0,1.0,191.6,1.0,9.0,200.6
4241,0.0,1.0,191.6,1.0,9.0,200.6
4242,0.0,1.5,191.6,1.0,9.0,205.1
4243,0.0,1.5,191.6,1.0,9.0,205.1
4244,0.0,1.5,191.6,1.0,9.0,205.1
4245,0.0,1.5,191.6,1.0,9.0,205.1
4246,0.0,1.5,191.6,1.0,9.0,205.1
4247,0.0,1.5,191.6,1.0,9.0,205.1
4248,0.0,1.5,191.6,1.0,9.0,205.1
4249,0.0,1.5,191.6,1.0,9.0,205.1
4250,0.0,1.5,191.6,1.0,9.0,205.1
4251,0.0,1.5,191.6,1.0,9.0,205.1
4252,0.0,1.5,191.6,1.0,9.0,205.1
4253,0.0,1.5,191.6,1.0,9.0,205.1
4254,0.0,1.5,191.6,1.0,9.0,205.1
4255,0.0,1.5,191.6,1.0,9.0,205.1
4256,0.0,1.5,191.6,1.0,9.0,205.1
4257,0.0,1.0,191.6,1.0,9.0,200.6
4258,0.0,1.0,191.6,1.0,9.0,200.6
4259,0.0,1.0,191.6,1.0,9.0,200.6
4260,0.0,1.0,191.6,1.0,9.0,200.6
4261,0.0,1.0,191.6,1.0,9.0,200.6
4262,0.0,1.0,191.6,1.0,9.0,200.6
4263,0.0,1.0,191.6,1.0,9.0,200.6
4264,0.0,1.0,191.6,1.0,9.0,200.6
4265,0.0,1.0,191.6,1.0,9.0,200.6
4266,0.0,1.5,191.6,1.0,9.0,205.1
4267,0.0,1.5,191.6,1.0,9.0,205.1
4268,0.0,1.5,191.6,1.0,9.0,205.1
4269,0.0,1.5,191.6,1.0,9.0,205.1
4270,0.0,1.5,191.6,1.0,9.0,205.1
4271,0.0,1.5,191.6,1.0,9.0,205.1
4272,0.0,1.5,191.6,1.0,9.0,205.1
4273,0.0,1.5,191.6,1.0,9.0,205.1
4274,0.0,1.5,191.6,1.0,9.0,205.1
4275,0.0,1.5,191.6,1.0,9.0,205.1
4276,0.0,1.5,191.6,1.0,9.0,205.1
4277,0.0,1.5,191.6,1.0,9.0,205.1
4278,0.0,1.5,191.6,1.0,9.0,205.1
4279,0.0,1.5,191.6,1.0,9.0,205.1
4280,277.0,1.5,191.6,1.0,9.0,205.1
4281,767.0,1.0,191.6,1.0,9.0,200.6
4282,1376.0,1.0,191.6,1.0,9.0,200.6
4283,2873.0,1.0,191.6,1.0,9.0,200.6
4284,452.0,1.0,191.6,1.0,9.0,200.6
4285,1350.0,1.0,191.6,1.0,9.0,200.6
4286,1903.0,1.0,191.6,1.0,9.0,200.6
4287,372.0,1.0,191.6,1.0,9.0,200.6
4288,2416.0,1.0,191.6,1.0,9.0,200.6
4289,1626.0,1.0,191.6,1.0,9.0,200.6
4290,2365.0,1.5,191.6,1.0,9.0,205.1
4291,1463.0,1.5,191.6,1.0,9.0,205.1
4292,0.0,1.5,191.6,1.0,9.0,205.1
4293,259.0,1.5,191.6,1.0,9.0,205.1
4294,135.0,1.5,191.6,1.0,9.0,205.1
4295,173.0,1.5,191.6,1.0,9.0,205.1
4296,0.0,1.5,191.6,1.0,9.0,205.1
4297,91.0,1.5,191.6,1.0,9.0,205.1
4298,41.0,1.5,191.6,1.0,9.0,205.1
4299,2.0,1.5,191.6,1.0,9.0,205.1
4300,516.0,1.5,191.6,1.0,9.0,205.1
4301,106.0,1.5,191.6,1.0,9.0,205.1
4302,18.0,1.5,191.6,1.0,9.0,205.1
4303,1052.0,1.5,191.6,1.0,9.0,205.1
4304,893.0,1.5,191.6,1.0,9.0,205.1
4305,1026.0,1.0,191.6,1.0,9.0,200.6
4306,1301.0,1.0,191.6,1.0,9.0,200.6
4307,1340.0,1.0,191.6,1.0,9.0,200.6
4308,530.0,1.0,191.6,1.0,9.0,200.6
4309,1288.0,1.0,191.6,1.0,9.0,200.6
4310,6234.0,1.0,191.6,1.0,9.0,200.6
4311,695.0,1.0,191.6,1.0,9.0,200.6
4312,1124.0,1.0,191.6,1.0,9.0,200.6
4313,60.0,1.0,191.6,1.0,9.0,200.6
4314,773.0,1.5,191.6,1.0,9.0,205.1
4315,3860.0,1.5,191.6,1.0,9.0,205.1
4316,164.0,1.5,191.6,1.0,9.0,205.1
4317,3.0,1.5,191.6,1.0,9.0,205.1
4318,37.0,1.5,191.6,1.0,9.0,205.1
4319,42.0,1.5,191.6,1.0,9.0,205.1
4320,0.0,1.5,191.6,1.0,9.0,205.1
4321,791.0,1.5,191.6,1.0,9.0,205.1
4322,162.0,1.5,191.6,1.0,9.0,205.1
4323,83.0,1.5,191.6,1.0,9.0,205.1
4324,109.0,1.5,191.6,1.0,9.0,205.1
4325,52.0,1.5,191.6,1.0,9.0,205.1
4326,0.0,1.5,191.6,1.0,9.0,205.1
4327,1446.0,1.5,191.6,1.0,9.0,205.1
4328,808.0,1.5,191.6,1.0,9.0,205.1
4329,1437.0,1.0,191.6,1.0,9.0,200.6
4330,635.0,1.0,191.6,1.0,9.0,200.6
4331,1840.0,1.0,191.6,1.0,9.0,200.6
4332,203.0,1.0,191.6,1.0,9.0,200.6
4333,750.0,1.0,191.6,1.0,9.0,200.6
4334,1621.0,1.0,191.6,1.0,9.0,200.6
4335,1370.0,1.0,191.6,1.0,9.0,200.6
4336,774.0,1.0,191.6,1.0,9.0,200.6
4337,3212.0,1.0,191.6,1.0,9.0,200.6
4338,1356.0,1.5,191.6,1.0,9.0,205.1
4339,1526.0,1.5,191.6,1.0,9.0,205.1
4340,227.0,1.5,191.6,1.0,9.0,205.1
4341,96.0,1.5,191.6,1.0,9.0,205.1
4342,77.0,1.5,191.6,1.0,9.0,205.1
4343,0.0,1.5,191.6,1.0,9.0,205.1
4344,76.0,1.5,191.6,1.0,9.0,205.1
4345,44.0,1.5,191.6,1.0,9.0,205.1
4346,240.0,1.5,191.6,1.0,9.0,205.1
4347,402.0,1.5,191.6,1.0,9.0,205.1
4348,185.0,1.5,191.6,1.0,9.0,205.1
4349,174.0,1.5,191.6,1.0,9.0,205.1
4350,23.0,1.5,191.6,1.0,9.0,205.1
4351,752.0,1.5,191.6,1.0,9.0,205.1
4352,676.0,1.5,191.6,1.0,9.0,205.1
4353,1028.0,1.0,191.6,1.0,9.0,200.6
4354,2373.0,1.0,191.6,1.0,9.0,200.6
4355,992.0,1.0,191.6,1.0,9.0,200.6
4356,340.0,1.0,191.6,1.0,9.0,200.6
4357,474.0,1.0,191.6,1.0,9.0,200.6
4358,3036.0,1.0,191.6,1.0,9.0,200.6
4359,354.0,1.0,191.6,1.0,9.0,200.6
4360,1794.0,1.0,191.6,1.0,9.0,200.6
4361,1125.0,1.0,191.6,1.0,9.0,200.6
4362,1767.0,1.5,191.6,1.0,9.0,205.1
4363,2064.0,1.5,191.6,1.0,9.0,205.1
4364,6.0,1.5,191.6,1.0,9.0,205.1
4365,66.0,1.5,191.6,1.0,9.0,205.1
4366,244.0,1.5,191.6,1.0,9.0,205.1
4367,118.0,1.5,191.6,1.0,9.0,205.1
4368,0.0,1.5,191.6,1.0,9.0,205.1
4369,309.0,1.5,191.6,1.0,9.0,205.1
4370,15.0,1.5,191.6,1.0,9.0,205.1
4371,101.0,1.5,191.6,1.0,9.0,205.1
4372,382.0,1.5,191.6,1.0,9.0,205.1
4373,698.0,1.5,191.6,1.0,9.0,205.1
4374,36.0,1.5,191.6,1.0,9.0,205.1
4375,938.0,1.5,191.6,1.0,9.0,205.1
4376,813.0,1.5,191.6,1.0,9.0,205.1
4377,852.0,1.0,191.6,1.0,9.0,200.6
4378,512.0,1.0,191.6,1.0,9.0,200.6
4379,1301.0,1.0,191.6,1.0,9.0,200.6
4380,0.0,1.0,191.6,1.0,9.0,200.6
4381,1376.0,1.0,191.6,1.0,9.0,200.6
4382,855.0,1.0,191.6,1.0,9.0,200.6
4383,5516.0,1.0,191.6,1.0,9.0,200.6
4384,1544.0,1.0,191.6,1.0,9.0,200.6
4385,795.0,1.0,191.6,1.0,9.0,200.6
4386,972.0,1.5,191.6,1.0,9.0,205.1
4387,2548.0,1.5,191.6,1.0,9.0,205.1
4388,21.0,1.5,191.6,1.0,9.0,205.1
4389,70.0,1.5,191.6,1.0,9.0,205.1
4390,119.0,1.5,191.6,1.0,9.0,205.1
4391,76.0,1.5,191.6,1.0,9.0,205.1
4392,154.0,1.5,191.6,1.0,9.0,205.1
4393,270.0,1.5,191.6,1.0,9.0,205.1
4394,0.0,1.5,191.6,1.0,9.0,205.1
4395,94.0,1.5,191.6,1.0,9.0,205.1
4396,36.0,1.5,191.6,1.0,9.0,205.1
4397,39.0,1.5,191.6,1.0,9.0,205.1
4398,0.0,1.5,191.6,1.0,9.0,205.1
4399,1142.0,1.5,191.6,1.0,9.0,205.1
4400,0.0,1.5,191.6,1.0,9.0,205.1
4401,0.0,1.0,191.6,1.0,9.0,200.6
4402,0.0,1.0,191.6,1.0,9.0,200.6
4403,0.0,1.0,191.6,1.0,9.0,200.6
4404,0.0,1.0,191.6,1.0,9.0,200.6
4405,0.0,1.0,191.6,1.0,9.0,200.6
4406,0.0,1.0,191.6,1.0,9.0,200.6
4407,0.0,1.0,191.6,1.0,9.0,200.6
4408,0.0,1.0,191.6,1.0,9.0,200.6
4409,0.0,1.0,191.6,1.0,9.0,200.6
4410,0.0,1.5,191.6,1.0,9.0,205.1
4411,0.0,1.5,191.6,1.0,9.0,205.1
4412,0.0,1.5,191.6,1.0,9.0,205.1
4413,0.0,1.5,191.6,1.0,9.0,205.1
4414,0.0,1.5,191.6,1.0,9.0,205.1
4415,0.0,1.5,191.6,1.0,9.0,205.1
4416,0.0,1.5,191.6,1.0,9.0,205.1
4417,0.0,1.5,191.6,1.0,9.0,205.1
4418,0.0,1.5,191.6,1.0,9.0,205.1
4419,0.0,1.5,191.6,1.0,9.0,205.1
4420,0.0,1.5,191.6,1.0,9.0,205.1
4421,0.0,1.5,191.6,1.0,9.0,205.1
4422,0.0,1.5,191.6,1.0,9.0,205.1
4423,0.0,1.5,191.6,1.0,9.0,205.1
4424,0.0,1.5,191.6,1.0,9.0,205.1
4425,0.0,1.0,191.6,1.0,9.0,200.6
4426,0.0,1.0,191.6,1.0,9.0,200.6
4427,0.0,1.0,191.6,1.0,9.0,200.6
4428,0.0,1.0,191.6,1.0,9.0,200.6
4429,0.0,1.0,191.6,1.0,9.0,200.6
4430,0.0,1.0,191.6,1.0,9.0,200.6
4431,0.0,1.0,191.6,1.0,9.0,200.6
4432,0.0,1.0,191.6,1.0,9.0,200.6
4433,0.0,1.0,191.6,1.0,9.0,200.6
4434,0.0,1.5,191.6,1.0,9.0,205.1
4435,0.0,1.5,191.6,1.0,9.0,205.1
4436,0.0,1.5,191.6,1.0,9.0,205.1
4437,0.0,1.5,191.6,1.0,9.0,205.1
4438,0.0,1.5,191.6,1.0,9.0,205.1
4439,0.0,1.5,191.6,1.0,9.0,205.1
4440,0.0,1.5,191.6,1.0,9.0,205.1
4441,0.0,1.5,191.6,1.0,9.0,205.1
4442,0.0,1.5,191.6,1.0,9.0,205.1
4443,0.0,1.5,191.6,1.0,9.0,205.1
4444,0.0,1.5,191.6,1.0,9.0,205.1
4445,0.0,1.5,191.6,1.0,9.0,205.1
4446,0.0,1.5,191.6,1.0,9.0,205.1
4447,0.0,1.5,191.6,1.0,9.0,205.1
4448,982.0,1.5,191.6,1.0,9.0,205.1
4449,2566.0,1.0,191.6,1.0,9.0,200.6
4450,814.0,1.0,191.6,1.0,9.0,200.6
4451,1097.0,1.0,191.6,1.0,9.0,200.6
4452,31.0,1.0,191.6,1.0,9.0,200.6
4453,613.0,1.0,191.6,1.0,9.0,200.6
4454,2781.0,1.0,191.6,1.0,9.0,200.6
4455,711.0,1.0,191.6,1.0,9.0,200.6
4456,2870.0,1.0,191.6,1.0,9.0,200.6
4457,224.0,1.0,191.6,1.0,9.0,200.6
4458,308.0,1.5,191.6,1.0,9.0,205.1
4459,1932.0,1.5,191.6,1.0,9.0,205.1
4460,9.0,1.5,191.6,1.0,9.0,205.1
4461,356.0,1.5,191.6,1.0,9.0,205.1
4462,89.0,1.5,191.6,1.0,9.0,205.1
4463,332.0,1.5,191.6,1.0,9.0,205.1
4464,50.0,1.5,191.6,1.0,9.0,205.1
4465,434.0,1.5,191.6,1.0,9.0,205.1
4466,246.0,1.5,191.6,1.0,9.0,205.1
4467,236.0,1.5,191.6,1.0,9.0,205.1
4468,262.0,1.5,191.6,1.0,9.0,205.1
4469,2.0,1.5,191.6,1.0,9.0,205.1
4470,70.0,1.5,191.6,1.0,9.0,205.1
4471,2041.0,1.5,191.6,1.0,9.0,205.1
4472,313.0,1.5,191.6,1.0,9.0,205.1
4473,734.0,1.0,191.6,1.0,9.0,200.6
4474,792.0,1.0,191.6,1.0,9.0,200.6
4475,568.0,1.0,191.6,1.0,9.0,200.6
4476,0.0,1.0,191.6,1.0,9.0,200.6
4477,2227.0,1.0,191.6,1.0,9.0,200.6
4478,648.0,1.0,191.6,1.0,9.0,200.6
4479,1272.0,1.0,191.6,1.0,9.0,200.6
4480,985.0,1.0,191.6,1.0,9.0,200.6
4481,124.0,1.0,191.6,1.0,9.0,200.6
4482,1300.0,1.5,191.6,1.0,9.0,205.1
4483,3876.0,1.5,191.6,1.0,9.0,205.1
4484,10.0,1.5,191.6,1.0,9.0,205.1
4485,166.0,1.5,191.6,1.0,9.0,205.1
4486,150.0,1.5,191.6,1.0,9.0,205.1
4487,75.0,1.5,191.6,1.0,9.0,205.1
4488,250.0,1.5,191.6,1.0,9.0,205.1
4489,5.0,1.5,191.6,1.0,9.0,205.1
4490,42.0,1.5,191.6,1.0,9.0,205.1
4491,442.0,1.5,191.6,1.0,9.0,205.1
4492,90.0,1.5,191.6,1.0,9.0,205.1
4493,387.0,1.5,191.6,1.0,9.0,205.1
4494,38.0,1.5,191.6,1.0,9.0,205.1
4495,1847.0,1.5,191.6,1.0,9.0,205.1
4496,675.0,1.5,191.6,1.0,9.0,205.1
4497,1990.0,1.0,191.6,1.0,9.0,200.6
4498,3638.0,1.0,191.6,1.0,9.0,200.6
4499,954.0,1.0,191.6,1.0,9.0,200.6
4500,0.0,1.0,191.6,1.0,9.0,200.6
4501,320.0,1.0,191.6,1.0,9.0,200.6
4502,1323.0,1.0,191.6,1.0,9.0,200.6
4503,1208.0,1.0,191.6,1.0,9.0,200.6
4504,1579.0,1.0,191.6,1.0,9.0,200.6
4505,175.0,1.0,191.6,1.0,9.0,200.6
4506,1717.0,1.5,191.6,1.0,9.0,205.1
4507,2321.0,1.5,191.6,1.0,9.0,205.1
4508,162.0,1.5,191.6,1.0,9.0,205.1
4509,68.0,1.5,191.6,1.0,9.0,205.1
4510,104.0,1.5,191.6,1.0,9.0,205.1
4511,72.0,1.5,191.6,1.0,9.0,205.1
4512,242.0,1.5,191.6,1.0,9.0,205.1
4513,703.0,1.5,191.6,1.0,9.0,205.1
4514,192.0,1.5,191.6,1.0,9.0,205.1
4515,130.0,1.5,191.6,1.0,9.0,205.1
4516,208.0,1.5,191.6,1.0,9.0,205.1
4517,314.0,1.5,191.6,1.0,9.0,205.1
4518,58.0,1.5,191.6,1.0,9.0,205.1
4519,436.0,1.5,191.6,1.0,9.0,205.1
4520,560.0,1.5,191.6,1.0,9.0,205.1
4521,516.0,1.0,191.6,1.0,9.0,200.6
4522,112.0,1.0,191.6,1.0,9.0,200.6
4523,562.0,1.0,191.6,1.0,9.0,200.6
4524,0.0,1.0,191.6,1.0,9.0,200.6
4525,2140.0,1.0,191.6,1.0,9.0,200.6
4526,1434.0,1.0,191.6,1.0,9.0,200.6
4527,350.0,1.0,191.6,1.0,9.0,200.6
4528,2282.0,1.0,191.6,1.0,9.0,200.6
4529,86.0,1.0,191.6,1.0,9.0,200.6
4530,3577.0,1.5,191.6,1.0,9.0,205.1
4531,5585.0,1.5,191.6,1.0,9.0,205.1
4532,26.0,1.5,191.6,1.0,9.0,205.1
4533,6.0,1.5,191.6,1.0,9.0,205.1
4534,0.0,1.5,191.6,1.0,9.0,205.1
4535,0.0,1.5,191.6,1.0,9.0,205.1
4536,0.0,1.5,191.6,1.0,9.0,205.1
4537,37.0,1.5,191.6,1.0,9.0,205.1
4538,12.0,1.5,191.6,1.0,9.0,205.1
4539,0.0,1.5,191.6,1.0,9.0,205.1
4540,32.0,1.5,191.6,1.0,9.0,205.1
4541,0.0,1.5,191.6,1.0,9.0,205.1
4542,0.0,1.5,191.6,1.0,9.0,205.1
4543,536.0,1.5,191.6,1.0,9.0,205.1
4544,564.0,1.5,191.6,1.0,9.0,205.1
4545,565.0,1.0,191.6,1.0,9.0,200.6
4546,1753.0,1.0,191.6,1.0,9.0,200.6
4547,1082.0,1.0,191.6,1.0,9.0,200.6
4548,0.0,1.0,191.6,1.0,9.0,200.6
4549,1119.0,1.0,191.6,1.0,9.0,200.6
4550,2229.0,1.0,191.6,1.0,9.0,200.6
4551,774.0,1.0,191.6,1.0,9.0,200.6
4552,1881.0,1.0,191.6,1.0,9.0,200.6
4553,955.0,1.0,191.6,1.0,9.0,200.6
4554,1186.0,1.5,191.6,1.0,9.0,205.1
4555,3718.0,1.5,191.6,1.0,9.0,205.1
4556,36.0,1.5,191.6,1.0,9.0,205.1
4557,3.0,1.5,191.6,1.0,9.0,205.1
4558,45.0,1.5,191.6,1.0,9.0,205.1
4559,0.0,1.5,191.6,1.0,9.0,205.1
4560,0.0,1.5,191.6,1.0,9.0,205.1
4561,6.0,1.5,191.6,1.0,9.0,205.1
4562,41.0,1.5,191.6,1.0,9.0,205.1
4563,0.0,1.5,191.6,1.0,9.0,205.1
4564,30.0,1.5,191.6,1.0,9.0,205.1
4565,0.0,1.5,191.6,1.0,9.0,205.1
4566,120.0,1.5,191.6,1.0,9.0,205.1
4567,290.0,1.5,191.6,1.0,9.0,205.1
4568,0.0,1.5,191.6,1.0,9.0,205.1
4569,0.0,1.0,191.6,1.0,9.0,200.6
4570,0.0,1.0,191.6,1.0,9.0,200.6
4571,0.0,1.0,191.6,1.0,9.0,200.6
4572,0.0,1.0,191.6,1.0,9.0,200.6
4573,0.0,1.0,191.6,1.0,9.0,200.6
4574,0.0,1.0,191.6,1.0,9.0,200.6
4575,0.0,1.0,191.6,1.0,9.0,200.6
4576,0.0,1.0,191.6,1.0,9.0,200.6
4577,0.0,1.0,191.6,1.0,9.0,200.6
4578,0.0,1.5,191.6,1.0,9.0,205.1
4579,0.0,1.5,191.6,1.0,9.0,205.1
4580,0.0,1.5,191.6,1.0,9.0,205.1
4581,0.0,1.5,191.6,1.0,9.0,205.1
4582,0.0,1.5,191.6,1.0,9.0,205.1
4583,0.0,1.5,191.6,1.0,9.0,205.1
4584,0.0,1.5,191.6,1.0,9.0,205.1
4585,0.0,1.5,191.6,1.0,9.0,205.1
4586,0.0,1.5,191.6,1.0,9.0,205.1
4587,0.0,1.5,191.6,1.0,9.0,205.1
4588,0.0,1.5,191.6,1.0,9.0,205.1
4589,0.0,1.5,191.6,1.0,9.0,205.1
4590,0.0,1.5,191.6,1.0,9.0,205.1
4591,0.0,1.5,191.6,1.0,9.0,205.1
4592,0.0,1.5,191.6,1.0,9.0,205.1
4593,0.0,1.0,191.6,1.0,9.0,200.6
4594,0.0,1.0,191.6,1.0,9.0,200.6
4595,0.0,1.0,191.6,1.0,9.0,200.6
4596,0.0,1.0,191.6,1.0,9.0,200.6
4597,0.0,1.0,191.6,1.0,9.0,200.6
4598,0.0,1.0,191.6,1.0,9.0,200.6
4599,0.0,1.0,191.6,1.0,9.0,200.6
4600,0.0,1.0,191.6,1.0,9.0,200.6
4601,0.0,1.0,191.6,1.0,9.0,200.6
4602,0.0,1.5,191.6,1.0,9.0,205.1
4603,0.0,1.5,191.6,1.0,9.0,205.1
4604,0.0,1.5,191.6,1.0,9.0,205.1
4605,0.0,1.5,191.6,1.0,9.0,205.1
4606,0.0,1.5,191.6,1.0,9.0,205.1
4607,0.0,1.5,191.6,1.0,9.0,205.1
4608,0.0,1.5,191.6,1.0,9.0,205.1
4609,0.0,1.5,191.6,1.0,9.0,205.1
4610,0.0,1.5,191.6,1.0,9.0,205.1
4611,0.0,1.5,191.6,1.0,9.0,205.1
4612,0.0,1.5,191.6,1.0,9.0,205.1
4613,0.0,1.5,191.6,1.0,9.0,205.1
4614,0.0,1.5,191.6,1.0,9.0,205.1
4615,0.0,1.5,191.6,1.0,9.0,205.1
4616,522.0,1.5,191.6,1.0,9.0,205.1
4617,498.0,1.0,191.6,1.0,9.0,200.6
4618,1883.0,1.0,191.6,1.0,9.0,200.6
4619,1127.0,1.0,191.6,1.0,9.0,200.6
4620,194.0,1.0,191.6,1.0,9.0,200.6
4621,676.0,1.0,191.6,1.0,9.0,200.6
4622,5121.0,1.0,191.6,1.0,9.0,200.6
4623,1018.0,1.0,191.6,1.0,9.0,200.6
4624,1233.0,1.0,191.6,1.0,9.0,200.6
4625,509.0,1.0,191.6,1.0,9.0,200.6
4626,1047.0,1.5,191.6,1.0,9.0,205.1
4627,2885.0,1.5,191.6,1.0,9.0,205.1
4628,6.0,1.5,191.6,1.0,9.0,205.1
4629,217.0,1.5,191.6,1.0,9.0,205.1
4630,28.0,1.5,191.6,1.0,9.0,205.1
4631,79.0,1.5,191.6,1.0,9.0,205.1
4632,0.0,1.5,191.6,1.0,9.0,205.1
4633,0.0,1.5,191.6,1.0,9.0,205.1
4634,0.0,1.5,191.6,1.0,9.0,205.1
4635,0.0,1.5,191.6,1.0,9.0,205.1
4636,0.0,1.5,191.6,1.0,9.0,205.1
4637,0.0,1.5,191.6,1.0,9.0,205.1
4638,0.0,1.5,191.6,1.0,9.0,205.1
4639,0.0,1.5,191.6,1.0,9.0,205.1
4640,0.0,1.5,191.6,1.0,9.0,205.1
4641,0.0,1.5,191.6,1.0,9.0,205.1
4642,0.0,1.5,191.6,1.0,9.0,205.1
4643,0.0,1.5,191.6,1.0,9.0,205.1
4644,0.0,1.5,191.6,1.0,9.0,205.1
4645,0.0,1.5,191.6,1.0,9.0,205.1
4646,0.0,1.5,191.6,1.0,9.0,205.1
4647,0.0,1.5,191.6,1.0,9.0,205.1
4648,0.0,1.5,191.6,1.0,9.0,205.1
4649,0.0,1.5,191.6,1.0,9.0,205.1
4650,0.0,1.5,191.6,1.0,9.0,205.1
4651,0.0,1.5,191.6,1.0,9.0,205.1
4652,0.0,1.5,191.6,1.0,9.0,205.1
4653,0.0,1.5,191.6,1.0,9.0,205.1
4654,0.0,1.5,191.6,1.0,9.0,205.1
4655,0.0,1.5,191.6,1.0,9.0,205.1
4656,327.0,1.5,191.6,1.0,9.0,205.1
4657,166.0,1.5,191.6,1.0,9.0,205.1
4658,354.0,1.5,191.6,1.0,9.0,205.1
4659,111.0,1.5,191.6,1.0,9.0,205.1
4660,66.0,1.5,191.6,1.0,9.0,205.1
4661,0.0,1.5,191.6,1.0,9.0,205.1
4662,45.0,1.5,191.6,1.0,9.0,205.1
4663,582.0,1.5,191.6,1.0,9.0,205.1
4664,530.0,1.5,191.6,1.0,9.0,205.1
4665,1304.0,1.0,191.6,1.0,9.0,200.6
4666,1851.0,1.0,191.6,1.0,9.0,200.6
4667,1796.0,1.0,191.6,1.0,9.0,200.6
4668,88.0,1.0,191.6,1.0,9.0,200.6
4669,1564.0,1.0,191.6,1.0,9.0,200.6
4670,1154.0,1.0,191.6,1.0,9.0,200.6
4671,587.0,1.0,191.6,1.0,9.0,200.6
4672,1732.0,1.0,191.6,1.0,9.0,200.6
4673,2473.0,1.0,191.6,1.0,9.0,200.6
4674,283.0,1.5,191.6,1.0,9.0,205.1
4675,1793.0,1.5,191.6,1.0,9.0,205.1
4676,268.0,1.5,191.6,1.0,9.0,205.1
4677,58.0,1.5,191.6,1.0,9.0,205.1
4678,51.0,1.5,191.6,1.0,9.0,205.1
4679,70.0,1.5,191.6,1.0,9.0,205.1
4680,0.0,1.5,191.6,1.0,9.0,205.1
4681,0.0,1.5,191.6,1.0,9.0,205.1
4682,0.0,1.5,191.6,1.0,9.0,205.1
4683,0.0,1.5,191.6,1.0,9.0,205.1
4684,0.0,1.5,191.6,1.0,9.0,205.1
4685,0.0,1.5,191.6,1.0,9.0,205.1
4686,0.0,1.5,191.6,1.0,9.0,205.1
4687,0.0,1.5,191.6,1.0,9.0,205.1
4688,0.0,1.5,191.6,1.0,9.0,205.1
4689,0.0,1.5,191.6,1.0,9.0,205.1
4690,0.0,1.5,191.6,1.0,9.0,205.1
4691,0.0,1.5,191.6,1.0,9.0,205.1
4692,0.0,1.5,191.6,1.0,9.0,205.1
4693,0.0,1.5,191.6,1.0,9.0,205.1
4694,0.0,1.5,191.6,1.0,9.0,205.1
4695,0.0,1.5,191.6,1.0,9.0,205.1
4696,0.0,1.5,191.6,1.0,9.0,205.1
4697,0.0,1.5,191.6,1.0,9.0,205.1
4698,0.0,1.5,191.6,1.0,9.0,205.1
4699,0.0,1.5,191.6,1.0,9.0,205.1
4700,0.0,1.5,191.6,1.0,9.0,205.1
4701,0.0,1.5,191.6,1.0,9.0,205.1
4702,0.0,1.5,191.6,1.0,9.0,205.1
4703,0.0,1.5,191.6,1.0,9.0,205.1
4704,36.0,1.5,191.6,1.0,9.0,205.1
4705,74.0,1.5,191.6,1.0,9.0,205.1
4706,37.0,1.5,191.6,1.0,9.0,205.1
4707,175.0,1.5,191.6,1.0,9.0,205.1
4708,211.0,1.5,191.6,1.0,9.0,205.1
4709,92.0,1.5,191.6,1.0,9.0,205.1
4710,304.0,1.5,191.6,1.0,9.0,205.1
4711,563.0,1.5,191.6,1.0,9.0,205.1
4712,555.0,1.5,191.6,1.0,9.0,205.1
4713,1863.0,1.0,191.6,1.0,9.0,200.6
4714,4118.0,1.0,191.6,1.0,9.0,200.6
4715,1964.0,1.0,191.6,1.0,9.0,200.6
4716,248.0,1.0,191.6,1.0,9.0,200.6
4717,2135.0,1.0,191.6,1.0,9.0,200.6
4718,2010.0,1.0,191.6,1.0,9.0,200.6
4719,1731.0,1.0,191.6,1.0,9.0,200.6
4720,2823.0,1.0,191.6,1.0,9.0,200.6
4721,2670.0,1.0,191.6,1.0,9.0,200.6
4722,1066.0,1.5,191.6,1.0,9.0,205.1
4723,1287.0,1.5,191.6,1.0,9.0,205.1
4724,16.0,1.5,191.6,1.0,9.0,205.1
4725,45.0,1.5,191.6,1.0,9.0,205.1
4726,59.0,1.5,191.6,1.0,9.0,205.1
4727,330.0,1.5,191.6,1.0,9.0,205.1
4728,21.0,1.5,191.6,1.0,9.0,205.1
4729,130.0,1.5,191.6,1.0,9.0,205.1
4730,426.0,1.5,191.6,1.0,9.0,205.1
4731,108.0,1.5,191.6,1.0,9.0,205.1
4732,95.0,1.5,191.6,1.0,9.0,205.1
4733,63.0,1.5,191.6,1.0,9.0,205.1
4734,30.0,1.5,191.6,1.0,9.0,205.1
4735,994.0,1.5,191.6,1.0,9.0,205.1
4736,0.0,1.5,191.6,1.0,9.0,205.1
4737,0.0,1.0,191.6,1.0,9.0,200.6
4738,0.0,1.0,191.6,1.0,9.0,200.6
4739,0.0,1.0,191.6,1.0,9.0,200.6
4740,0.0,1.0,191.6,1.0,9.0,200.6
4741,0.0,1.0,191.6,1.0,9.0,200.6
4742,0.0,1.0,191.6,1.0,9.0,200.6
4743,0.0,1.0,191.6,1.0,9.0,200.6
4744,0.0,1.0,191.6,1.0,9.0,200.6
4745,0.0,1.0,191.6,1.0,9.0,200.6
4746,0.0,1.5,191.6,1.0,9.0,205.1
4747,0.0,1.5,191.6,1.0,9.0,205.1
4748,0.0,1.5,191.6,1.0,9.0,205.1
4749,0.0,1.5,191.6,1.0,9.0,205.1
4750,0.0,1.5,191.6,1.0,9.0,205.1
4751,0.0,1.5,191.6,1.0,9.0,205.1
4752,0.0,1.5,191.6,1.0,9.0,205.1
4753,0.0,1.5,191.6,1.0,9.0,205.1
4754,0.0,1.5,191.6,1.0,9.0,205.1
4755,0.0,1.5,191.6,1.0,9.0,205.1
4756,0.0,1.5,191.6,1.0,9.0,205.1
4757,0.0,1.5,191.6,1.0,9.0,205.1
4758,0.0,1.5,191.6,1.0,9.0,205.1
4759,0.0,1.5,191.6,1.0,9.0,205.1
4760,0.0,1.5,191.6,1.0,9.0,205.1
4761,0.0,1.0,191.6,1.0,9.0,200.6
4762,0.0,1.0,191.6,1.0,9.0,200.6
4763,0.0,1.0,191.6,1.0,9.0,200.6
4764,0.0,1.0,191.6,1.0,9.0,200.6
4765,0.0,1.0,191.6,1.0,9.0,200.6
4766,0.0,1.0,191.6,1.0,9.0,200.6
4767,0.0,1.0,191.6,1.0,9.0,200.6
4768,0.0,1.0,191.6,1.0,9.0,200.6
4769,0.0,1.0,191.6,1.0,9.0,200.6
4770,0.0,1.5,191.6,1.0,9.0,205.1
4771,0.0,1.5,191.6,1.0,9.0,205.1
4772,0.0,1.5,191.6,1.0,9.0,205.1
4773,0.0,1.5,191.6,1.0,9.0,205.1
4774,0.0,1.5,191.6,1.0,9.0,205.1
4775,0.0,1.5,191.6,1.0,9.0,205.1
4776,0.0,1.5,191.6,1.0,9.0,205.1
4777,0.0,1.5,191.6,1.0,9.0,205.1
4778,0.0,1.5,191.6,1.0,9.0,205.1
4779,0.0,1.5,191.6,1.0,9.0,205.1
4780,0.0,1.5,191.6,1.0,9.0,205.1
4781,0.0,1.5,191.6,1.0,9.0,205.1
4782,0.0,1.5,191.6,1.0,9.0,205.1
4783,0.0,1.5,191.6,1.0,9.0,205.1
4784,604.0,1.5,191.6,1.0,9.0,205.1
4785,1431.0,1.0,191.6,1.0,9.0,200.6
4786,568.0,1.0,191.6,1.0,9.0,200.6
4787,1280.0,1.0,191.6,1.0,9.0,200.6
4788,0.0,1.0,191.6,1.0,9.0,200.6
4789,645.0,1.0,191.6,1.0,9.0,200.6
4790,2075.0,1.0,191.6,1.0,9.0,200.6
4791,2253.0,1.0,191.6,1.0,9.0,200.6
4792,1495.0,1.0,191.6,1.0,9.0,200.6
4793,389.0,1.0,191.6,1.0,9.0,200.6
4794,465.0,1.5,191.6,1.0,9.0,205.1
4795,1962.0,1.5,191.6,1.0,9.0,205.1
4796,72.0,1.5,191.6,1.0,9.0,205.1
4797,94.0,1.5,191.6,1.0,9.0,205.1
4798,70.0,1.5,191.6,1.0,9.0,205.1
4799,181.0,1.5,191.6,1.0,9.0,205.1
4800,1584.0,1.5,191.6,1.0,9.0,205.1
4801,567.0,1.5,191.6,1.0,9.0,205.1
4802,591.0,1.5,191.6,1.0,9.0,205.1
4803,392.0,1.5,191.6,1.0,9.0,205.1
4804,796.0,1.5,191.6,1.0,9.0,205.1
4805,388.0,1.5,191.6,1.0,9.0,205.1
4806,102.0,1.5,191.6,1.0,9.0,205.1
4807,1086.0,1.5,191.6,1.0,9.0,205.1
4808,1248.0,1.5,191.6,1.0,9.0,205.1
4809,1828.0,1.0,191.6,1.0,9.0,200.6
4810,1282.0,1.0,191.6,1.0,9.0,200.6
4811,1327.0,1.0,191.6,1.0,9.0,200.6
4812,0.0,1.0,191.6,1.0,9.0,200.6
4813,1234.0,1.0,191.6,1.0,9.0,200.6
4814,823.0,1.0,191.6,1.0,9.0,200.6
4815,419.0,1.0,191.6,1.0,9.0,200.6
4816,2403.0,1.0,191.6,1.0,9.0,200.6
4817,881.0,1.0,191.6,1.0,9.0,200.6
4818,2031.0,1.5,191.6,1.0,9.0,205.1
4819,3506.0,1.5,191.6,1.0,9.0,205.1
4820,80.0,1.5,191.6,1.0,9.0,205.1
4821,562.0,1.5,191.6,1.0,9.0,205.1
4822,235.0,1.5,191.6,1.0,9.0,205.1
4823,108.0,1.5,191.6,1.0,9.0,205.1
4824,286.0,1.5,191.6,1.0,9.0,205.1
4825,270.0,1.5,191.6,1.0,9.0,205.1
4826,126.0,1.5,191.6,1.0,9.0,205.1
4827,528.0,1.5,191.6,1.0,9.0,205.1
4828,158.0,1.5,191.6,1.0,9.0,205.1
4829,187.0,1.5,191.6,1.0,9.0,205.1
4830,56.0,1.5,191.6,1.0,9.0,205.1
4831,842.0,1.5,191.6,1.0,9.0,205.1
4832,933.0,1.5,191.6,1.0,9.0,205.1
4833,1013.0,1.0,191.6,1.0,9.0,200.6
4834,628.0,1.0,191.6,1.0,9.0,200.6
4835,1336.0,1.0,191.6,1.0,9.0,200.6
4836,88.0,1.0,191.6,1.0,9.0,200.6
4837,1911.0,1.0,191.6,1.0,9.0,200.6
4838,972.0,1.0,191.6,1.0,9.0,200.6
4839,4021.0,1.0,191.6,1.0,9.0,200.6
4840,865.0,1.0,191.6,1.0,9.0,200.6
4841,593.0,1.0,191.6,1.0,9.0,200.6
4842,972.0,1.5,191.6,1.0,9.0,205.1
4843,3122.0,1.5,191.6,1.0,9.0,205.1
4844,0.0,1.5,191.6,1.0,9.0,205.1
4845,273.0,1.5,191.6,1.0,9.0,205.1
4846,275.0,1.5,191.6,1.0,9.0,205.1
4847,6.0,1.5,191.6,1.0,9.0,205.1
4848,222.0,1.5,191.6,1.0,9.0,205.1
4849,150.0,1.5,191.6,1.0,9.0,205.1
4850,23.0,1.5,191.6,1.0,9.0,205.1
4851,162.0,1.5,191.6,1.0,9.0,205.1
4852,82.0,1.5,191.6,1.0,9.0,205.1
4853,0.0,1.5,191.6,1.0,9.0,205.1
4854,482.0,1.5,191.6,1.0,9.0,205.1
4855,1255.0,1.5,191.6,1.0,9.0,205.1
4856,709.0,1.5,191.6,1.0,9.0,205.1
4857,491.0,1.0,191.6,1.0,9.0,200.6
4858,679.0,1.0,191.6,1.0,9.0,200.6
4859,691.0,1.0,191.6,1.0,9.0,200.6
4860,30.0,1.0,191.6,1.0,9.0,200.6
4861,2297.0,1.0,191.6,1.0,9.0,200.6
4862,383.0,1.0,191.6,1.0,9.0,200.6
4863,727.0,1.0,191.6,1.0,9.0,200.6
4864,634.0,1.0,191.6,1.0,9.0,200.6
4865,552.0,1.0,191.6,1.0,9.0,200.6
4866,992.0,1.5,191.6,1.0,9.0,205.1
4867,4520.0,1.5,191.6,1.0,9.0,205.1
4868,368.0,1.5,191.6,1.0,9.0,205.1
4869,0.0,1.5,191.6,1.0,9.0,205.1
4870,270.0,1.5,191.6,1.0,9.0,205.1
4871,82.0,1.5,191.6,1.0,9.0,205.1
4872,200.0,1.5,191.6,1.0,9.0,205.1
4873,91.0,1.5,191.6,1.0,9.0,205.1
4874,376.0,1.5,191.6,1.0,9.0,205.1
4875,102.0,1.5,191.6,1.0,9.0,205.1
4876,162.0,1.5,191.6,1.0,9.0,205.1
4877,0.0,1.5,191.6,1.0,9.0,205.1
4878,0.0,1.5,191.6,1.0,9.0,205.1
4879,2387.0,1.5,191.6,1.0,9.0,205.1
4880,999.0,1.5,191.6,1.0,9.0,205.1
4881,1838.0,1.0,191.6,1.0,9.0,200.6
4882,1231.0,1.0,191.6,1.0,9.0,200.6
4883,1813.0,1.0,191.6,1.0,9.0,200.6
4884,0.0,1.0,191.6,1.0,9.0,200.6
4885,979.0,1.0,191.6,1.0,9.0,200.6
4886,1335.0,1.0,191.6,1.0,9.0,200.6
4887,923.0,1.0,191.6,1.0,9.0,200.6
4888,6161.0,1.0,191.6,1.0,9.0,200.6
4889,555.0,1.0,191.6,1.0,9.0,200.6
4890,1693.0,1.5,191.6,1.0,9.0,205.1
4891,2039.0,1.5,191.6,1.0,9.0,205.1
4892,113.0,1.5,191.6,1.0,9.0,205.1
4893,12.0,1.5,191.6,1.0,9.0,205.1
4894,371.0,1.5,191.6,1.0,9.0,205.1
4895,180.0,1.5,191.6,1.0,9.0,205.1
4896,0.0,1.5,191.6,1.0,9.0,205.1
4897,501.0,1.5,191.6,1.0,9.0,205.1
4898,51.0,1.5,191.6,1.0,9.0,205.1
4899,42.0,1.5,191.6,1.0,9.0,205.1
4900,262.0,1.5,191.6,1.0,9.0,205.1
4901,62.0,1.5,191.6,1.0,9.0,205.1
4902,919.0,1.5,191.6,1.0,9.0,205.1
4903,482.0,1.5,191.6,1.0,9.0,205.1
4904,0.0,1.5,191.6,1.0,9.0,205.1
4905,0.0,1.0,191.6,1.0,9.0,200.6
4906,0.0,1.0,191.6,1.0,9.0,200.6
4907,0.0,1.0,191.6,1.0,9.0,200.6
4908,0.0,1.0,191.6,1.0,9.0,200.6
4909,0.0,1.0,191.6,1.0,9.0,200.6
4910,0.0,1.0,191.6,1.0,9.0,200.6
4911,0.0,1.0,191.6,1.0,9.0,200.6
4912,0.0,1.0,191.6,1.0,9.0,200.6
4913,0.0,1.0,191.6,1.0,9.0,200.6
4914,0.0,1.5,191.6,1.0,9.0,205.1
4915,0.0,1.5,191.6,1.0,9.0,205.1
4916,0.0,1.5,191.6,1.0,9.0,205.1
4917,0.0,1.5,191.6,1.0,9.0,205.1
4918,0.0,1.5,191.6,1.0,9.0,205.1
4919,0.0,1.5,191.6,1.0,9.0,205.1
4920,0.0,1.5,191.6,1.0,9.0,205.1
4921,0.0,1.5,191.6,1.0,9.0,205.1
4922,0.0,1.5,191.6,1.0,9.0,205.1
4923,0.0,1.5,191.6,1.0,9.0,205.1
4924,0.0,1.5,191.6,1.0,9.0,205.1
4925,0.0,1.5,191.6,1.0,9.0,205.1
4926,0.0,1.5,191.6,1.0,9.0,205.1
4927,0.0,1.5,191.6,1.0,9.0,205.1
4928,0.0,1.5,191.6,1.0,9.0,205.1
4929,0.0,1.0,191.6,1.0,9.0,200.6
4930,0.0,1.0,191.6,1.0,9.0,200.6
4931,0.0,1.0,191.6,1.0,9.0,200.6
4932,0.0,1.0,191.6,1.0,9.0,200.6
4933,0.0,1.0,191.6,1.0,9.0,200.6
4934,0.0,1.0,191.6,1.0,9.0,200.6
4935,0.0,1.0,191.6,1.0,9.0,200.6
4936,0.0,1.0,191.6,1.0,9.0,200.6
4937,0.0,1.0,191.6,1.0,9.0,200.6
4938,0.0,1.5,191.6,1.0,9.0,205.1
4939,0.0,1.5,191.6,1.0,9.0,205.1
4940,0.0,1.5,191.6,1.0,9.0,205.1
4941,0.0,1.5,191.6,1.0,9.0,205.1
4942,0.0,1.5,191.6,1.0,9.0,205.1
4943,0.0,1.5,191.6,1.0,9.0,205.1
4944,0.0,1.5,191.6,1.0,9.0,205.1
4945,0.0,1.5,191.6,1.0,9.0,205.1
4946,0.0,1.5,191.6,1.0,9.0,205.1
4947,0.0,1.5,191.6,1.0,9.0,205.1
4948,0.0,1.5,191.6,1.0,9.0,205.1
4949,0.0,1.5,191.6,1.0,9.0,205.1
4950,0.0,1.5,191.6,1.0,9.0,205.1
4951,0.0,1.5,191.6,1.0,9.0,205.1
4952,805.0,1.5,191.6,1.0,9.0,205.1
4953,1283.0,1.0,191.6,1.0,9.0,200.6
4954,1149.0,1.0,191.6,1.0,9.0,200.6
4955,3069.0,1.0,191.6,1.0,9.0,200.6
4956,0.0,1.0,191.6,1.0,9.0,200.6
4957,1969.0,1.0,191.6,1.0,9.0,200.6
4958,669.0,1.0,191.6,1.0,9.0,200.6
4959,2463.0,1.0,191.6,1.0,9.0,200.6
4960,1238.0,1.0,191.6,1.0,9.0,200.6
4961,6579.0,1.0,191.6,1.0,9.0,200.6
4962,1120.0,1.5,191.6,1.0,9.0,205.1
4963,3479.0,1.5,191.6,1.0,9.0,205.1
4964,19.0,1.5,191.6,1.0,9.0,205.1
4965,0.0,1.5,191.6,1.0,9.0,205.1
4966,132.0,1.5,191.6,1.0,9.0,205.1
4967,48.0,1.5,191.6,1.0,9.0,205.1
4968,89.0,1.5,191.6,1.0,9.0,205.1
4969,63.0,1.5,191.6,1.0,9.0,205.1
4970,4.0,1.5,191.6,1.0,9.0,205.1
4971,74.0,1.5,191.6,1.0,9.0,205.1
4972,36.0,1.5,191.6,1.0,9.0,205.1
4973,2.0,1.5,191.6,1.0,9.0,205.1
4974,229.0,1.5,191.6,1.0,9.0,205.1
4975,1262.0,1.5,191.6,1.0,9.0,205.1
4976,1862.0,1.5,191.6,1.0,9.0,205.1
4977,593.0,1.0,191.6,1.0,9.0,200.6
4978,976.0,1.0,191.6,1.0,9.0,200.6
4979,857.0,1.0,191.6,1.0,9.0,200.6
4980,184.0,1.0,191.6,1.0,9.0,200.6
4981,606.0,1.0,191.6,1.0,9.0,200.6
4982,1654.0,1.0,191.6,1.0,9.0,200.6
4983,1224.0,1.0,191.6,1.0,9.0,200.6
4984,1271.0,1.0,191.6,1.0,9.0,200.6
4985,350.0,1.0,191.6,1.0,9.0,200.6
4986,5796.0,1.5,191.6,1.0,9.0,205.1
4987,3392.0,1.5,191.6,1.0,9.0,205.1
4988,2.0,1.5,191.6,1.0,9.0,205.1
4989,8.0,1.5,191.6,1.0,9.0,205.1
4990,41.0,1.5,191.6,1.0,9.0,205.1
4991,201.0,1.5,191.6,1.0,9.0,205.1
4992,1158.0,1.5,191.6,1.0,9.0,205.1
4993,83.0,1.5,191.6,1.0,9.0,205.1
4994,4.0,1.5,191.6,1.0,9.0,205.1
4995,308.0,1.5,191.6,1.0,9.0,205.1
4996,177.0,1.5,191.6,1.0,9.0,205.1
4997,56.0,1.5,191.6,1.0,9.0,205.1
4998,52.0,1.5,191.6,1.0,9.0,205.1
4999,1841.0,1.5,191.6,1.0,9.0,205.1
5000,2013.0,1.5,191.6,1.0,9.0,205.1
5001,2284.0,1.0,191.6,1.0,9.0,200.6
5002,1029.0,1.0,191.6,1.0,9.0,200.6
5003,2429.0,1.0,191.6,1.0,9.0,200.6
5004,296.0,1.0,191.6,1.0,9.0,200.6
5005,1488.0,1.0,191.6,1.0,9.0,200.6
5006,1197.0,1.0,191.6,1.0,9.0,200.6
5007,300.0,1.0,191.6,1.0,9.0,200.6
5008,2747.0,1.0,191.6,1.0,9.0,200.6
5009,682.0,1.0,191.6,1.0,9.0,200.6
5010,1952.0,1.5,191.6,1.0,9.0,205.1
5011,3635.0,1.5,191.6,1.0,9.0,205.1
5012,308.0,1.5,191.6,1.0,9.0,205.1
5013,21.0,1.5,191.6,1.0,9.0,205.1
5014,189.0,1.5,191.6,1.0,9.0,205.1
5015,36.0,1.5,191.6,1.0,9.0,205.1
5016,0.0,1.5,191.6,1.0,9.0,205.1
5017,313.0,1.5,191.6,1.0,9.0,205.1
5018,206.0,1.5,191.6,1.0,9.0,205.1
5019,49.0,1.5,191.6,1.0,9.0,205.1
5020,100.0,1.5,191.6,1.0,9.0,205.1
5021,156.0,1.5,191.6,1.0,9.0,205.1
5022,94.0,1.5,191.6,1.0,9.0,205.1
5023,925.0,1.5,191.6,1.0,9.0,205.1
5024,909.0,1.5,191.6,1.0,9.0,205.1
5025,1181.0,1.0,191.6,1.0,9.0,200.6
5026,884.0,1.0,191.6,1.0,9.0,200.6
5027,1597.0,1.0,191.6,1.0,9.0,200.6
5028,200.0,1.0,191.6,1.0,9.0,200.6
5029,1480.0,1.0,191.6,1.0,9.0,200.6
5030,3092.0,1.0,191.6,1.0,9.0,200.6
5031,2184.0,1.0,191.6,1.0,9.0,200.6
5032,2656.0,1.0,191.6,1.0,9.0,200.6
5033,735.0,1.0,191.6,1.0,9.0,200.6
5034,5687.0,1.5,191.6,1.0,9.0,205.1
5035,2616.0,1.5,191.6,1.0,9.0,205.1
5036,149.0,1.5,191.6,1.0,9.0,205.1
5037,131.0,1.5,191.6,1.0,9.0,205.1
5038,180.0,1.5,191.6,1.0,9.0,205.1
5039,174.0,1.5,191.6,1.0,9.0,205.1
5040,82.0,1.5,191.6,1.0,9.0,205.1
5041,164.0,1.5,191.6,1.0,9.0,205.1
5042,30.0,1.5,191.6,1.0,9.0,205.1
5043,498.0,1.5,191.6,1.0,9.0,205.1
5044,42.0,1.5,191.6,1.0,9.0,205.1
5045,108.0,1.5,191.6,1.0,9.0,205.1
5046,461.0,1.5,191.6,1.0,9.0,205.1
5047,1229.0,1.5,191.6,1.0,9.0,205.1
5048,1134.0,1.5,191.6,1.0,9.0,205.1
5049,2079.0,1.0,191.6,1.0,9.0,200.6
5050,439.0,1.0,191.6,1.0,9.0,200.6
5051,1084.0,1.0,191.6,1.0,9.0,200.6
5052,0.0,1.0,191.6,1.0,9.0,200.6
5053,1769.0,1.0,191.6,1.0,9.0,200.6
5054,1204.0,1.0,191.6,1.0,9.0,200.6
5055,790.0,1.0,191.6,1.0,9.0,200.6
5056,1575.0,1.0,191.6,1.0,9.0,200.6
5057,0.0,1.0,191.6,1.0,9.0,200.6
5058,0.0,1.5,191.6,1.0,9.0,205.1
5059,0.0,1.5,191.6,1.0,9.0,205.1
5060,0.0,1.5,191.6,1.0,9.0,205.1
5061,0.0,1.5,191.6,1.0,9.0,205.1
5062,0.0,1.5,191.6,1.0,9.0,205.1
5063,0.0,1.5,191.6,1.0,9.0,205.1
5064,0.0,1.5,191.6,1.0,9.0,205.1
5065,0.0,1.5,191.6,1.0,9.0,205.1
5066,0.0,1.5,191.6,1.0,9.0,205.1
5067,0.0,1.5,191.6,1.0,9.0,205.1
5068,0.0,1.5,191.6,1.0,9.0,205.1
5069,0.0,1.5,191.6,1.0,9.0,205.1
5070,0.0,1.5,191.6,1.0,9.0,205.1
5071,0.0,1.5,191.6,1.0,9.0,205.1
5072,0.0,1.5,191.6,1.0,9.0,205.1
5073,0.0,1.0,191.6,1.0,9.0,200.6
5074,0.0,1.0,191.6,1.0,9.0,200.6
5075,0.0,1.0,191.6,1.0,9.0,200.6
5076,0.0,1.0,191.6,1.0,9.0,200.6
5077,0.0,1.0,191.6,1.0,9.0,200.6
5078,0.0,1.0,191.6,1.0,9.0,200.6
5079,0.0,1.0,191.6,1.0,9.0,200.6
5080,0.0,1.0,191.6,1.0,9.0,200.6
5081,0.0,1.0,191.6,1.0,9.0,200.6
5082,0.0,1.5,191.6,1.0,9.0,205.1
5083,0.0,1.5,191.6,1.0,9.0,205.1
5084,0.0,1.5,191.6,1.0,9.0,205.1
5085,0.0,1.5,191.6,1.0,9.0,205.1
5086,0.0,1.5,191.6,1.0,9.0,205.1
5087,0.0,1.5,191.6,1.0,9.0,205.1
5088,0.0,1.5,191.6,1.0,9.0,205.1
5089,0.0,1.5,191.6,1.0,9.0,205.1
5090,0.0,1.5,191.6,1.0,9.0,205.1
5091,0.0,1.5,191.6,1.0,9.0,205.1
5092,0.0,1.5,191.6,1.0,9.0,205.1
5093,0.0,1.5,191.6,1.0,9.0,205.1
5094,0.0,1.5,191.6,1.0,9.0,205.1
5095,0.0,1.5,191.6,1.0,9.0,205.1
5096,0.0,1.5,191.6,1.0,9.0,205.1
5097,0.0,1.0,191.6,1.0,9.0,200.6
5098,0.0,1.0,191.6,1.0,9.0,200.6
5099,0.0,1.0,191.6,1.0,9.0,200.6
5100,0.0,1.0,191.6,1.0,9.0,200.6
5101,0.0,1.0,191.6,1.0,9.0,200.6
5102,0.0,1.0,191.6,1.0,9.0,200.6
5103,0.0,1.0,191.6,1.0,9.0,200.6
5104,0.0,1.0,191.6,1.0,9.0,200.6
5105,0.0,1.0,191.6,1.0,9.0,200.6
5106,0.0,1.5,191.6,1.0,9.0,205.1
5107,0.0,1.5,191.6,1.0,9.0,205.1
5108,0.0,1.5,191.6,1.0,9.0,205.1
5109,0.0,1.5,191.6,1.0,9.0,205.1
5110,0.0,1.5,191.6,1.0,9.0,205.1
5111,0.0,1.5,191.6,1.0,9.0,205.1
5112,0.0,1.5,191.6,1.0,9.0,205.1
5113,0.0,1.5,191.6,1.0,9.0,205.1
5114,0.0,1.5,191.6,1.0,9.0,205.1
5115,0.0,1.5,191.6,1.0,9.0,205.1
5116,0.0,1.5,191.6,1.0,9.0,205.1
5117,0.0,1.5,191.6,1.0,9.0,205.1
5118,0.0,1.5,191.6,1.0,9.0,205.1
5119,0.0,1.5,191.6,1.0,9.0,205.1
5120,0.0,1.5,191.6,1.0,9.0,205.1
5121,0.0,1.0,191.6,1.0,9.0,200.6
5122,0.0,1.0,191.6,1.0,9.0,200.6
5123,0.0,1.0,191.6,1.0,9.0,200.6
5124,0.0,1.0,191.6,1.0,9.0,200.6
5125,0.0,1.0,191.6,1.0,9.0,200.6
5126,0.0,1.0,191.6,1.0,9.0,200.6
5127,0.0,1.0,191.6,1.0,9.0,200.6
5128,0.0,1.0,191.6,1.0,9.0,200.6
5129,0.0,1.0,191.6,1.0,9.0,200.6
5130,0.0,1.5,191.6,1.0,9.0,205.1
5131,0.0,1.5,191.6,1.0,9.0,205.1
5132,0.0,1.5,191.6,1.0,9.0,205.1
5133,0.0,1.5,191.6,1.0,9.0,205.1
5134,0.0,1.5,191.6,1.0,9.0,205.1
5135,0.0,1.5,191.6,1.0,9.0,205.1
5136,0.0,1.5,191.6,1.0,9.0,205.1
5137,0.0,1.5,191.6,1.0,9.0,205.1
5138,0.0,1.5,191.6,1.0,9.0,205.1
5139,0.0,1.5,191.6,1.0,9.0,205.1
5140,0.0,1.5,191.6,1.0,9.0,205.1
5141,0.0,1.5,191.6,1.0,9.0,205.1
5142,0.0,1.5,191.6,1.0,9.0,205.1
5143,0.0,1.5,191.6,1.0,9.0,205.1
5144,0.0,1.5,191.6,1.0,9.0,205.1
5145,0.0,1.0,191.6,1.0,9.0,200.6
5146,0.0,1.0,191.6,1.0,9.0,200.6
5147,0.0,1.0,191.6,1.0,9.0,200.6
5148,0.0,1.0,191.6,1.0,9.0,200.6
5149,0.0,1.0,191.6,1.0,9.0,200.6
5150,0.0,1.0,191.6,1.0,9.0,200.6
5151,0.0,1.0,191.6,1.0,9.0,200.6
5152,0.0,1.0,191.6,1.0,9.0,200.6
5153,0.0,1.0,191.6,1.0,9.0,200.6
5154,0.0,1.5,191.6,1.0,9.0,205.1
5155,0.0,1.5,191.6,1.0,9.0,205.1
5156,0.0,1.5,191.6,1.0,9.0,205.1
5157,0.0,1.5,191.6,1.0,9.0,205.1
5158,0.0,1.5,191.6,1.0,9.0,205.1
5159,0.0,1.5,191.6,1.0,9.0,205.1
5160,0.0,1.5,191.6,1.0,9.0,205.1
5161,0.0,1.5,191.6,1.0,9.0,205.1
5162,0.0,1.5,191.6,1.0,9.0,205.1
5163,0.0,1.5,191.6,1.0,9.0,205.1
5164,0.0,1.5,191.6,1.0,9.0,205.1
5165,0.0,1.5,191.6,1.0,9.0,205.1
5166,0.0,1.5,191.6,1.0,9.0,205.1
5167,0.0,1.5,191.6,1.0,9.0,205.1
5168,0.0,1.5,191.6,1.0,9.0,205.1
5169,0.0,1.0,191.6,1.0,9.0,200.6
5170,0.0,1.0,191.6,1.0,9.0,200.6
5171,0.0,1.0,191.6,1.0,9.0,200.6
5172,0.0,1.0,191.6,1.0,9.0,200.6
5173,0.0,1.0,191.6,1.0,9.0,200.6
5174,0.0,1.0,191.6,1.0,9.0,200.6
5175,0.0,1.0,191.6,1.0,9.0,200.6
5176,0.0,1.0,191.6,1.0,9.0,200.6
5177,0.0,1.0,191.6,1.0,9.0,200.6
5178,0.0,1.5,191.6,1.0,9.0,205.1
5179,0.0,1.5,191.6,1.0,9.0,205.1
5180,0.0,1.5,191.6,1.0,9.0,205.1
5181,0.0,1.5,191.6,1.0,9.0,205.1
5182,0.0,1.5,191.6,1.0,9.0,205.1
5183,0.0,1.5,191.6,1.0,9.0,205.1
5184,0.0,1.5,191.6,1.0,9.0,205.1
5185,0.0,1.5,191.6,1.0,9.0,205.1
5186,0.0,1.5,191.6,1.0,9.0,205.1
5187,0.0,1.5,191.6,1.0,9.0,205.1
5188,0.0,1.5,191.6,1.0,9.0,205.1
5189,0.0,1.5,191.6,1.0,9.0,205.1
5190,0.0,1.5,191.6,1.0,9.0,205.1
5191,0.0,1.5,191.6,1.0,9.0,205.1
5192,0.0,1.5,191.6,1.0,9.0,205.1
5193,0.0,1.0,191.6,1.0,9.0,200.6
5194,0.0,1.0,191.6,1.0,9.0,200.6
5195,0.0,1.0,191.6,1.0,9.0,200.6
5196,0.0,1.0,191.6,1.0,9.0,200.6
5197,0.0,1.0,191.6,1.0,9.0,200.6
5198,0.0,1.0,191.6,1.0,9.0,200.6
5199,0.0,1.0,191.6,1.0,9.0,200.6
5200,0.0,1.0,191.6,1.0,9.0,200.6
5201,0.0,1.0,191.6,1.0,9.0,200.6
5202,0.0,1.5,191.6,1.0,9.0,205.1
5203,0.0,1.5,191.6,1.0,9.0,205.1
5204,0.0,1.5,191.6,1.0,9.0,205.1
5205,0.0,1.5,191.6,1.0,9.0,205.1
5206,0.0,1.5,191.6,1.0,9.0,205.1
5207,0.0,1.5,191.6,1.0,9.0,205.1
5208,0.0,1.5,191.6,1.0,9.0,205.1
5209,0.0,1.5,191.6,1.0,9.0,205.1
5210,0.0,1.5,191.6,1.0,9.0,205.1
5211,0.0,1.5,191.6,1.0,9.0,205.1
5212,0.0,1.5,191.6,1.0,9.0,205.1
5213,0.0,1.5,191.6,1.0,9.0,205.1
5214,0.0,1.5,191.6,1.0,9.0,205.1
5215,0.0,1.5,191.6,1.0,9.0,205.1
5216,0.0,1.5,191.6,1.0,9.0,205.1
5217,0.0,1.0,191.6,1.0,9.0,200.6
5218,0.0,1.0,191.6,1.0,9.0,200.6
5219,0.0,1.0,191.6,1.0,9.0,200.6
5220,0.0,1.0,191.6,1.0,9.0,200.6
5221,0.0,1.0,191.6,1.0,9.0,200.6
5222,0.0,1.0,191.6,1.0,9.0,200.6
5223,0.0,1.0,191.6,1.0,9.0,200.6
5224,0.0,1.0,191.6,1.0,9.0,200.6
5225,0.0,1.0,191.6,1.0,9.0,200.6
5226,0.0,1.5,191.6,1.0,9.0,205.1
5227,0.0,1.5,191.6,1.0,9.0,205.1
5228,0.0,1.5,191.6,1.0,9.0,205.1
5229,0.0,1.5,191.6,1.0,9.0,205.1
5230,0.0,1.5,191.6,1.0,9.0,205.1
5231,0.0,1.5,191.6,1.0,9.0,205.1
5232,0.0,1.5,191.6,1.0,9.0,205.1
5233,0.0,1.5,191.6,1.0,9.0,205.1
5234,0.0,1.5,191.6,1.0,9.0,205.1
5235,0.0,1.5,191.6,1.0,9.0,205.1
5236,0.0,1.5,191.6,1.0,9.0,205.1
5237,0.0,1.5,191.6,1.0,9.0,205.1
5238,0.0,1.5,191.6,1.0,9.0,205.1
5239,0.0,1.5,191.6,1.0,9.0,205.1
5240,0.0,1.5,191.6,1.0,9.0,205.1
5241,0.0,1.0,191.6,1.0,9.0,200.6
5242,0.0,1.0,191.6,1.0,9.0,200.6
5243,0.0,1.0,191.6,1.0,9.0,200.6
5244,0.0,1.0,191.6,1.0,9.0,200.6
5245,0.0,1.0,191.6,1.0,9.0,200.6
5246,0.0,1.0,191.6,1.0,9.0,200.6
5247,0.0,1.0,191.6,1.0,9.0,200.6
5248,0.0,1.0,191.6,1.0,9.0,200.6
5249,0.0,1.0,191.6,1.0,9.0,200.6
5250,0.0,1.5,191.6,1.0,9.0,205.1
5251,0.0,1.5,191.6,1.0,9.0,205.1
5252,0.0,1.5,191.6,1.0,9.0,205.1
5253,0.0,1.5,191.6,1.0,9.0,205.1
5254,0.0,1.5,191.6,1.0,9.0,205.1
5255,0.0,1.5,191.6,1.0,9.0,205.1
5256,0.0,1.5,191.6,1.0,9.0,205.1
5257,0.0,1.5,191.6,1.0,9.0,205.1
5258,0.0,1.5,191.6,1.0,9.0,205.1
5259,0.0,1.5,191.6,1.0,9.0,205.1
5260,0.0,1.5,191.6,1.0,9.0,205.1
5261,0.0,1.5,191.6,1.0,9.0,205.1
5262,0.0,1.5,191.6,1.0,9.0,205.1
5263,0.0,1.5,191.6,1.0,9.0,205.1
5264,0.0,1.5,191.6,1.0,9.0,205.1
5265,0.0,1.0,191.6,1.0,9.0,200.6
5266,0.0,1.0,191.6,1.0,9.0,200.6
5267,0.0,1.0,191.6,1.0,9.0,200.6
5268,0.0,1.0,191.6,1.0,9.0,200.6
5269,0.0,1.0,191.6,1.0,9.0,200.6
5270,0.0,1.0,191.6,1.0,9.0,200.6
5271,0.0,1.0,191.6,1.0,9.0,200.6
5272,0.0,1.0,191.6,1.0,9.0,200.6
5273,0.0,1.0,191.6,1.0,9.0,200.6
5274,0.0,1.5,191.6,1.0,9.0,205.1
5275,0.0,1.5,191.6,1.0,9.0,205.1
5276,0.0,1.5,191.6,1.0,9.0,205.1
5277,0.0,1.5,191.6,1.0,9.0,205.1
5278,0.0,1.5,191.6,1.0,9.0,205.1
5279,0.0,1.5,191.6,1.0,9.0,205.1
5280,0.0,1.5,191.6,1.0,9.0,205.1
5281,0.0,1.5,191.6,1.0,9.0,205.1
5282,0.0,1.5,191.6,1.0,9.0,205.1
5283,0.0,1.5,191.6,1.0,9.0,205.1
5284,0.0,1.5,191.6,1.0,9.0,205.1
5285,0.0,1.5,191.6,1.0,9.0,205.1
5286,0.0,1.5,191.6,1.0,9.0,205.1
5287,10.0,1.5,191.6,1.0,9.0,205.1
5288,749.0,1.5,191.6,1.0,9.0,205.1
5289,773.0,1.0,191.6,1.0,9.0,200.6
5290,408.0,1.0,191.6,1.0,9.0,200.6
5291,1431.0,1.0,191.6,1.0,9.0,200.6
5292,120.0,1.0,191.6,1.0,9.0,200.6
5293,7569.0,1.0,191.6,1.0,9.0,200.6
5294,3753.0,1.0,191.6,1.0,9.0,200.6
5295,1087.0,1.0,191.6,1.0,9.0,200.6
5296,1416.0,1.0,191.6,1.0,9.0,200.6
5297,3120.0,1.0,191.6,1.0,9.0,200.6
5298,0.0,1.5,191.6,1.0,9.0,205.1
5299,0.0,1.5,191.6,1.0,9.0,205.1
5300,36.0,1.5,191.6,1.0,9.0,205.1
5301,114.0,1.5,191.6,1.0,9.0,205.1
5302,63.0,1.5,191.6,1.0,9.0,205.1
5303,40.0,1.5,191.6,1.0,9.0,205.1
5304,0.0,1.5,191.6,1.0,9.0,205.1
5305,30.0,1.5,191.6,1.0,9.0,205.1
5306,435.0,1.5,191.6,1.0,9.0,205.1
5307,18.0,1.5,191.6,1.0,9.0,205.1
5308,88.0,1.5,191.6,1.0,9.0,205.1
5309,10.0,1.5,191.6,1.0,9.0,205.1
5310,194.0,1.5,191.6,1.0,9.0,205.1
5311,1883.0,1.5,191.6,1.0,9.0,205.1
5312,503.0,1.5,191.6,1.0,9.0,205.1
5313,1091.0,1.0,191.6,1.0,9.0,200.6
5314,1629.0,1.0,191.6,1.0,9.0,200.6
5315,1421.0,1.0,191.6,1.0,9.0,200.6
5316,0.0,1.0,191.6,1.0,9.0,200.6
5317,1199.0,1.0,191.6,1.0,9.0,200.6
5318,1693.0,1.0,191.6,1.0,9.0,200.6
5319,687.0,1.0,191.6,1.0,9.0,200.6
5320,662.0,1.0,191.6,1.0,9.0,200.6
5321,518.0,1.0,191.6,1.0,9.0,200.6
5322,3333.0,1.5,191.6,1.0,9.0,205.1
5323,1764.0,1.5,191.6,1.0,9.0,205.1
5324,113.0,1.5,191.6,1.0,9.0,205.1
5325,149.0,1.5,191.6,1.0,9.0,205.1
5326,5.0,1.5,191.6,1.0,9.0,205.1
5327,0.0,1.5,191.6,1.0,9.0,205.1
5328,0.0,1.5,191.6,1.0,9.0,205.1
5329,54.0,1.5,191.6,1.0,9.0,205.1
5330,55.0,1.5,191.6,1.0,9.0,205.1
5331,6.0,1.5,191.6,1.0,9.0,205.1
5332,78.0,1.5,191.6,1.0,9.0,205.1
5333,900.0,1.5,191.6,1.0,9.0,205.1
5334,69.0,1.5,191.6,1.0,9.0,205.1
5335,527.0,1.5,191.6,1.0,9.0,205.1
5336,783.0,1.5,191.6,1.0,9.0,205.1
5337,885.0,1.0,191.6,1.0,9.0,200.6
5338,4050.0,1.0,191.6,1.0,9.0,200.6
5339,1856.0,1.0,191.6,1.0,9.0,200.6
5340,187.0,1.0,191.6,1.0,9.0,200.6
5341,500.0,1.0,191.6,1.0,9.0,200.6
5342,979.0,1.0,191.6,1.0,9.0,200.6
5343,1734.0,1.0,191.6,1.0,9.0,200.6
5344,330.0,1.0,191.6,1.0,9.0,200.6
5345,251.0,1.0,191.6,1.0,9.0,200.6
5346,2420.0,1.5,191.6,1.0,9.0,205.1
5347,3724.0,1.5,191.6,1.0,9.0,205.1
5348,6.0,1.5,191.6,1.0,9.0,205.1
5349,69.0,1.5,191.6,1.0,9.0,205.1
5350,98.0,1.5,191.6,1.0,9.0,205.1
5351,26.0,1.5,191.6,1.0,9.0,205.1
5352,0.0,1.5,191.6,1.0,9.0,205.1
5353,139.0,1.5,191.6,1.0,9.0,205.1
5354,108.0,1.5,191.6,1.0,9.0,205.1
5355,191.0,1.5,191.6,1.0,9.0,205.1
5356,108.0,1.5,191.6,1.0,9.0,205.1
5357,459.0,1.5,191.6,1.0,9.0,205.1
5358,300.0,1.5,191.6,1.0,9.0,205.1
5359,702.0,1.5,191.6,1.0,9.0,205.1
5360,1250.0,1.5,191.6,1.0,9.0,205.1
5361,1195.0,1.0,191.6,1.0,9.0,200.6
5362,990.0,1.0,191.6,1.0,9.0,200.6
5363,1075.0,1.0,191.6,1.0,9.0,200.6
5364,85.0,1.0,191.6,1.0,9.0,200.6
5365,1315.0,1.0,191.6,1.0,9.0,200.6
5366,1222.0,1.0,191.6,1.0,9.0,200.6
5367,768.0,1.0,191.6,1.0,9.0,200.6
5368,6810.0,1.0,191.6,1.0,9.0,200.6
5369,635.0,1.0,191.6,1.0,9.0,200.6
5370,1081.0,1.5,191.6,1.0,9.0,205.1
5371,3692.0,1.5,191.6,1.0,9.0,205.1
5372,114.0,1.5,191.6,1.0,9.0,205.1
5373,0.0,1.5,191.6,1.0,9.0,205.1
5374,0.0,1.5,191.6,1.0,9.0,205.1
5375,100.0,1.5,191.6,1.0,9.0,205.1
5376,137.0,1.5,191.6,1.0,9.0,205.1
5377,45.0,1.5,191.6,1.0,9.0,205.1
5378,100.0,1.5,191.6,1.0,9.0,205.1
5379,190.0,1.5,191.6,1.0,9.0,205.1
5380,97.0,1.5,191.6,1.0,9.0,205.1
5381,0.0,1.5,191.6,1.0,9.0,205.1
5382,831.0,1.5,191.6,1.0,9.0,205.1
5383,352.0,1.5,191.6,1.0,9.0,205.1
5384,1107.0,1.5,191.6,1.0,9.0,205.1
5385,1246.0,1.0,191.6,1.0,9.0,200.6
5386,1023.0,1.0,191.6,1.0,9.0,200.6
5387,1809.0,1.0,191.6,1.0,9.0,200.6
5388,30.0,1.0,191.6,1.0,9.0,200.6
5389,1393.0,1.0,191.6,1.0,9.0,200.6
5390,1512.0,1.0,191.6,1.0,9.0,200.6
5391,1316.0,1.0,191.6,1.0,9.0,200.6
5392,1055.0,1.0,191.6,1.0,9.0,200.6
5393,770.0,1.0,191.6,1.0,9.0,200.6
5394,1523.0,1.5,191.6,1.0,9.0,205.1
5395,2206.0,1.5,191.6,1.0,9.0,205.1
5396,0.0,1.5,191.6,1.0,9.0,205.1
5397,55.0,1.5,191.6,1.0,9.0,205.1
5398,832.0,1.5,191.6,1.0,9.0,205.1
5399,39.0,1.5,191.6,1.0,9.0,205.1
5400,0.0,1.5,191.6,1.0,9.0,205.1
5401,237.0,1.5,191.6,1.0,9.0,205.1
5402,61.0,1.5,191.6,1.0,9.0,205.1
5403,61.0,1.5,191.6,1.0,9.0,205.1
5404,40.0,1.5,191.6,1.0,9.0,205.1
5405,198.0,1.5,191.6,1.0,9.0,205.1
5406,136.0,1.5,191.6,1.0,9.0,205.1
5407,796.0,1.5,191.6,1.0,9.0,205.1
5408,0.0,1.5,191.6,1.0,9.0,205.1
5409,0.0,1.0,191.6,1.0,9.0,200.6
5410,0.0,1.0,191.6,1.0,9.0,200.6
5411,0.0,1.0,191.6,1.0,9.0,200.6
5412,0.0,1.0,191.6,1.0,9.0,200.6
5413,0.0,1.0,191.6,1.0,9.0,200.6
5414,0.0,1.0,191.6,1.0,9.0,200.6
5415,0.0,1.0,191.6,1.0,9.0,200.6
5416,0.0,1.0,191.6,1.0,9.0,200.6
5417,0.0,1.0,191.6,1.0,9.0,200.6
5418,0.0,1.5,191.6,1.0,9.0,205.1
5419,0.0,1.5,191.6,1.0,9.0,205.1
5420,0.0,1.5,191.6,1.0,9.0,205.1
5421,0.0,1.5,191.6,1.0,9.0,205.1
5422,0.0,1.5,191.6,1.0,9.0,205.1
5423,0.0,1.5,191.6,1.0,9.0,205.1
5424,0.0,1.5,191.6,1.0,9.0,205.1
5425,0.0,1.5,191.6,1.0,9.0,205.1
5426,0.0,1.5,191.6,1.0,9.0,205.1
5427,0.0,1.5,191.6,1.0,9.0,205.1
5428,0.0,1.5,191.6,1.0,9.0,205.1
5429,0.0,1.5,191.6,1.0,9.0,205.1
5430,0.0,1.5,191.6,1.0,9.0,205.1
5431,0.0,1.5,191.6,1.0,9.0,205.1
5432,0.0,1.5,191.6,1.0,9.0,205.1
5433,0.0,1.0,191.6,1.0,9.0,200.6
5434,0.0,1.0,191.6,1.0,9.0,200.6
5435,0.0,1.0,191.6,1.0,9.0,200.6
5436,0.0,1.0,191.6,1.0,9.0,200.6
5437,0.0,1.0,191.6,1.0,9.0,200.6
5438,0.0,1.0,191.6,1.0,9.0,200.6
5439,0.0,1.0,191.6,1.0,9.0,200.6
5440,0.0,1.0,191.6,1.0,9.0,200.6
5441,0.0,1.0,191.6,1.0,9.0,200.6
5442,0.0,1.5,191.6,1.0,9.0,205.1
5443,0.0,1.5,191.6,1.0,9.0,205.1
5444,0.0,1.5,191.6,1.0,9.0,205.1
5445,0.0,1.5,191.6,1.0,9.0,205.1
5446,0.0,1.5,191.6,1.0,9.0,205.1
5447,0.0,1.5,191.6,1.0,9.0,205.1
5448,0.0,1.5,191.6,1.0,9.0,205.1
5449,0.0,1.5,191.6,1.0,9.0,205.1
5450,0.0,1.5,191.6,1.0,9.0,205.1
5451,0.0,1.5,191.6,1.0,9.0,205.1
5452,0.0,1.5,191.6,1.0,9.0,205.1
5453,0.0,1.5,191.6,1.0,9.0,205.1
5454,0.0,1.5,191.6,1.0,9.0,205.1
5455,27.0,1.5,191.6,1.0,9.0,205.1
5456,566.0,1.5,191.6,1.0,9.0,205.1
5457,642.0,1.0,191.6,1.0,9.0,200.6
5458,1720.0,1.0,191.6,1.0,9.0,200.6
5459,1472.0,1.0,191.6,1.0,9.0,200.6
5460,0.0,1.0,191.6,1.0,9.0,200.6
5461,1404.0,1.0,191.6,1.0,9.0,200.6
5462,1828.0,1.0,191.6,1.0,9.0,200.6
5463,547.0,1.0,191.6,1.0,9.0,200.6
5464,1490.0,1.0,191.6,1.0,9.0,200.6
5465,0.0,1.0,191.6,1.0,9.0,200.6
5466,22.0,1.5,191.6,1.0,9.0,205.1
5467,31.0,1.5,191.6,1.0,9.0,205.1
5468,130.0,1.5,191.6,1.0,9.0,205.1
5469,138.0,1.5,191.6,1.0,9.0,205.1
5470,35.0,1.5,191.6,1.0,9.0,205.1
5471,186.0,1.5,191.6,1.0,9.0,205.1
5472,141.0,1.5,191.6,1.0,9.0,205.1
5473,267.0,1.5,191.6,1.0,9.0,205.1
5474,238.0,1.5,191.6,1.0,9.0,205.1
5475,127.0,1.5,191.6,1.0,9.0,205.1
5476,36.0,1.5,191.6,1.0,9.0,205.1
5477,86.0,1.5,191.6,1.0,9.0,205.1
5478,290.0,1.5,191.6,1.0,9.0,205.1
5479,1761.0,1.5,191.6,1.0,9.0,205.1
5480,930.0,1.5,191.6,1.0,9.0,205.1
5481,1618.0,1.0,191.6,1.0,9.0,200.6
5482,1182.0,1.0,191.6,1.0,9.0,200.6
5483,1144.0,1.0,191.6,1.0,9.0,200.6
5484,0.0,1.0,191.6,1.0,9.0,200.6
5485,2870.0,1.0,191.6,1.0,9.0,200.6
5486,1412.0,1.0,191.6,1.0,9.0,200.6
5487,7913.0,1.0,191.6,1.0,9.0,200.6
5488,3108.0,1.0,191.6,1.0,9.0,200.6
5489,540.0,1.0,191.6,1.0,9.0,200.6
5490,1575.0,1.5,191.6,1.0,9.0,205.1
5491,3586.0,1.5,191.6,1.0,9.0,205.1
5492,116.0,1.5,191.6,1.0,9.0,205.1
5493,154.0,1.5,191.6,1.0,9.0,205.1
5494,58.0,1.5,191.6,1.0,9.0,205.1
5495,127.0,1.5,191.6,1.0,9.0,205.1
5496,4.0,1.5,191.6,1.0,9.0,205.1
5497,270.0,1.5,191.6,1.0,9.0,205.1
5498,344.0,1.5,191.6,1.0,9.0,205.1
5499,247.0,1.5,191.6,1.0,9.0,205.1
5500,455.0,1.5,191.6,1.0,9.0,205.1
5501,105.0,1.5,191.6,1.0,9.0,205.1
5502,127.0,1.5,191.6,1.0,9.0,205.1
5503,1144.0,1.5,191.6,1.0,9.0,205.1
5504,1358.0,1.5,191.6,1.0,9.0,205.1
5505,835.0,1.0,191.6,1.0,9.0,200.6
5506,1429.0,1.0,191.6,1.0,9.0,200.6
5507,2090.0,1.0,191.6,1.0,9.0,200.6
5508,1015.0,1.0,191.6,1.0,9.0,200.6
5509,565.0,1.0,191.6,1.0,9.0,200.6
5510,1872.0,1.0,191.6,1.0,9.0,200.6
5511,1482.0,1.0,191.6,1.0,9.0,200.6
5512,1933.0,1.0,191.6,1.0,9.0,200.6
5513,558.0,1.0,191.6,1.0,9.0,200.6
5514,1633.0,1.5,191.6,1.0,9.0,205.1
5515,2203.0,1.5,191.6,1.0,9.0,205.1
5516,100.0,1.5,191.6,1.0,9.0,205.1
5517,56.0,1.5,191.6,1.0,9.0,205.1
5518,102.0,1.5,191.6,1.0,9.0,205.1
5519,136.0,1.5,191.6,1.0,9.0,205.1
5520,53.0,1.5,191.6,1.0,9.0,205.1
5521,85.0,1.5,191.6,1.0,9.0,205.1
5522,173.0,1.5,191.6,1.0,9.0,205.1
5523,60.0,1.5,191.6,1.0,9.0,205.1
5524,114.0,1.5,191.6,1.0,9.0,205.1
5525,399.0,1.5,191.6,1.0,9.0,205.1
5526,459.0,1.5,191.6,1.0,9.0,205.1
5527,745.0,1.5,191.6,1.0,9.0,205.1
5528,670.0,1.5,191.6,1.0,9.0,205.1
5529,942.0,1.0,191.6,1.0,9.0,200.6
5530,1599.0,1.0,191.6,1.0,9.0,200.6
5531,2542.0,1.0,191.6,1.0,9.0,200.6
5532,380.0,1.0,191.6,1.0,9.0,200.6
5533,2129.0,1.0,191.6,1.0,9.0,200.6
5534,2843.0,1.0,191.6,1.0,9.0,200.6
5535,349.0,1.0,191.6,1.0,9.0,200.6
5536,3020.0,1.0,191.6,1.0,9.0,200.6
5537,510.0,1.0,191.6,1.0,9.0,200.6
5538,3195.0,1.5,191.6,1.0,9.0,205.1
5539,5336.0,1.5,191.6,1.0,9.0,205.1
5540,8.0,1.5,191.6,1.0,9.0,205.1
5541,132.0,1.5,191.6,1.0,9.0,205.1
5542,28.0,1.5,191.6,1.0,9.0,205.1
5543,205.0,1.5,191.6,1.0,9.0,205.1
5544,338.0,1.5,191.6,1.0,9.0,205.1
5545,47.0,1.5,191.6,1.0,9.0,205.1
5546,40.0,1.5,191.6,1.0,9.0,205.1
5547,537.0,1.5,191.6,1.0,9.0,205.1
5548,216.0,1.5,191.6,1.0,9.0,205.1
5549,304.0,1.5,191.6,1.0,9.0,205.1
5550,14.0,1.5,191.6,1.0,9.0,205.1
5551,793.0,1.5,191.6,1.0,9.0,205.1
5552,650.0,1.5,191.6,1.0,9.0,205.1
5553,881.0,1.0,191.6,1.0,9.0,200.6
5554,1450.0,1.0,191.6,1.0,9.0,200.6
5555,3707.0,1.0,191.6,1.0,9.0,200.6
5556,5245.0,1.0,191.6,1.0,9.0,200.6
5557,1382.0,1.0,191.6,1.0,9.0,200.6
5558,3002.0,1.0,191.6,1.0,9.0,200.6
5559,1383.0,1.0,191.6,1.0,9.0,200.6
5560,1774.0,1.0,191.6,1.0,9.0,200.6
5561,282.0,1.0,191.6,1.0,9.0,200.6
5562,909.0,1.5,191.6,1.0,9.0,205.1
5563,1199.0,1.5,191.6,1.0,9.0,205.1
5564,465.0,1.5,191.6,1.0,9.0,205.1
5565,100.0,1.5,191.6,1.0,9.0,205.1
5566,64.0,1.5,191.6,1.0,9.0,205.1
5567,431.0,1.5,191.6,1.0,9.0,205.1
5568,524.0,1.5,191.6,1.0,9.0,205.1
5569,106.0,1.5,191.6,1.0,9.0,205.1
5570,38.0,1.5,191.6,1.0,9.0,205.1
5571,1064.0,1.5,191.6,1.0,9.0,205.1
5572,156.0,1.5,191.6,1.0,9.0,205.1
5573,30.0,1.5,191.6,1.0,9.0,205.1
5574,522.0,1.5,191.6,1.0,9.0,205.1
5575,1354.0,1.5,191.6,1.0,9.0,205.1
5576,0.0,1.5,191.6,1.0,9.0,205.1
5577,0.0,1.0,191.6,1.0,9.0,200.6
5578,0.0,1.0,191.6,1.0,9.0,200.6
5579,0.0,1.0,191.6,1.0,9.0,200.6
5580,0.0,1.0,191.6,1.0,9.0,200.6
5581,0.0,1.0,191.6,1.0,9.0,200.6
5582,0.0,1.0,191.6,1.0,9.0,200.6
5583,0.0,1.0,191.6,1.0,9.0,200.6
5584,0.0,1.0,191.6,1.0,9.0,200.6
5585,0.0,1.0,191.6,1.0,9.0,200.6
5586,0.0,1.5,191.6,1.0,9.0,205.1
5587,0.0,1.5,191.6,1.0,9.0,205.1
5588,0.0,1.5,191.6,1.0,9.0,205.1
5589,0.0,1.5,191.6,1.0,9.0,205.1
5590,0.0,1.5,191.6,1.0,9.0,205.1
5591,0.0,1.5,191.6,1.0,9.0,205.1
5592,0.0,1.5,191.6,1.0,9.0,205.1
5593,0.0,1.5,191.6,1.0,9.0,205.1
5594,0.0,1.5,191.6,1.0,9.0,205.1
5595,0.0,1.5,191.6,1.0,9.0,205.1
5596,0.0,1.5,191.6,1.0,9.0,205.1
5597,0.0,1.5,191.6,1.0,9.0,205.1
5598,0.0,1.5,191.6,1.0,9.0,205.1
5599,0.0,1.5,191.6,1.0,9.0,205.1
5600,0.0,1.5,191.6,1.0,9.0,205.1
5601,0.0,1.0,191.6,1.0,9.0,200.6
5602,0.0,1.0,191.6,1.0,9.0,200.6
5603,0.0,1.0,191.6,1.0,9.0,200.6
5604,0.0,1.0,191.6,1.0,9.0,200.6
5605,0.0,1.0,191.6,1.0,9.0,200.6
5606,0.0,1.0,191.6,1.0,9.0,200.6
5607,0.0,1.0,191.6,1.0,9.0,200.6
5608,0.0,1.0,191.6,1.0,9.0,200.6
5609,0.0,1.0,191.6,1.0,9.0,200.6
5610,0.0,1.5,191.6,1.0,9.0,205.1
5611,0.0,1.5,191.6,1.0,9.0,205.1
5612,0.0,1.5,191.6,1.0,9.0,205.1
5613,0.0,1.5,191.6,1.0,9.0,205.1
5614,0.0,1.5,191.6,1.0,9.0,205.1
5615,0.0,1.5,191.6,1.0,9.0,205.1
5616,0.0,1.5,191.6,1.0,9.0,205.1
5617,0.0,1.5,191.6,1.0,9.0,205.1
5618,0.0,1.5,191.6,1.0,9.0,205.1
5619,0.0,1.5,191.6,1.0,9.0,205.1
5620,0.0,1.5,191.6,1.0,9.0,205.1
5621,0.0,1.5,191.6,1.0,9.0,205.1
5622,0.0,1.5,191.6,1.0,9.0,205.1
5623,0.0,1.5,191.6,1.0,9.0,205.1
5624,759.0,1.5,191.6,1.0,9.0,205.1
5625,1105.0,1.0,191.6,1.0,9.0,200.6
5626,884.0,1.0,191.6,1.0,9.0,200.6
5627,1300.0,1.0,191.6,1.0,9.0,200.6
5628,333.0,1.0,191.6,1.0,9.0,200.6
5629,1758.0,1.0,191.6,1.0,9.0,200.6
5630,4563.0,1.0,191.6,1.0,9.0,200.6
5631,674.0,1.0,191.6,1.0,9.0,200.6
5632,2742.0,1.0,191.6,1.0,9.0,200.6
5633,362.0,1.0,191.6,1.0,9.0,200.6
5634,651.0,1.5,191.6,1.0,9.0,205.1
5635,1052.0,1.5,191.6,1.0,9.0,205.1
5636,8.0,1.5,191.6,1.0,9.0,205.1
5637,222.0,1.5,191.6,1.0,9.0,205.1
5638,14.0,1.5,191.6,1.0,9.0,205.1
5639,153.0,1.5,191.6,1.0,9.0,205.1
5640,0.0,1.5,191.6,1.0,9.0,205.1
5641,109.0,1.5,191.6,1.0,9.0,205.1
5642,127.0,1.5,191.6,1.0,9.0,205.1
5643,12.0,1.5,191.6,1.0,9.0,205.1
5644,4.0,1.5,191.6,1.0,9.0,205.1
5645,38.0,1.5,191.6,1.0,9.0,205.1
5646,86.0,1.5,191.6,1.0,9.0,205.1
5647,583.0,1.5,191.6,1.0,9.0,205.1
5648,2623.0,1.5,191.6,1.0,9.0,205.1
5649,516.0,1.0,191.6,1.0,9.0,200.6
5650,1007.0,1.0,191.6,1.0,9.0,200.6
5651,901.0,1.0,191.6,1.0,9.0,200.6
5652,164.0,1.0,191.6,1.0,9.0,200.6
5653,2240.0,1.0,191.6,1.0,9.0,200.6
5654,510.0,1.0,191.6,1.0,9.0,200.6
5655,1537.0,1.0,191.6,1.0,9.0,200.6
5656,2281.0,1.0,191.6,1.0,9.0,200.6
5657,797.0,1.0,191.6,1.0,9.0,200.6
5658,1411.0,1.5,191.6,1.0,9.0,205.1
5659,1762.0,1.5,191.6,1.0,9.0,205.1
5660,0.0,1.5,191.6,1.0,9.0,205.1
5661,135.0,1.5,191.6,1.0,9.0,205.1
5662,14.0,1.5,191.6,1.0,9.0,205.1
5663,98.0,1.5,191.6,1.0,9.0,205.1
5664,0.0,1.5,191.6,1.0,9.0,205.1
5665,56.0,1.5,191.6,1.0,9.0,205.1
5666,227.0,1.5,191.6,1.0,9.0,205.1
5667,28.0,1.5,191.6,1.0,9.0,205.1
5668,63.0,1.5,191.6,1.0,9.0,205.1
5669,46.0,1.5,191.6,1.0,9.0,205.1
5670,323.0,1.5,191.6,1.0,9.0,205.1
5671,506.0,1.5,191.6,1.0,9.0,205.1
5672,470.0,1.5,191.6,1.0,9.0,205.1
5673,2173.0,1.0,191.6,1.0,9.0,200.6
5674,1134.0,1.0,191.6,1.0,9.0,200.6
5675,1409.0,1.0,191.6,1.0,9.0,200.6
5676,162.0,1.0,191.6,1.0,9.0,200.6
5677,1825.0,1.0,191.6,1.0,9.0,200.6
5678,2166.0,1.0,191.6,1.0,9.0,200.6
5679,1786.0,1.0,191.6,1.0,9.0,200.6
5680,1158.0,1.0,191.6,1.0,9.0,200.6
5681,5718.0,1.0,191.6,1.0,9.0,200.6
5682,1184.0,1.5,191.6,1.0,9.0,205.1
5683,1345.0,1.5,191.6,1.0,9.0,205.1
5684,67.0,1.5,191.6,1.0,9.0,205.1
5685,112.0,1.5,191.6,1.0,9.0,205.1
5686,102.0,1.5,191.6,1.0,9.0,205.1
5687,16.0,1.5,191.6,1.0,9.0,205.1
5688,415.0,1.5,191.6,1.0,9.0,205.1
5689,24.0,1.5,191.6,1.0,9.0,205.1
5690,277.0,1.5,191.6,1.0,9.0,205.1
5691,30.0,1.5,191.6,1.0,9.0,205.1
5692,96.0,1.5,191.6,1.0,9.0,205.1
5693,139.0,1.5,191.6,1.0,9.0,205.1
5694,393.0,1.5,191.6,1.0,9.0,205.1
5695,1981.0,1.5,191.6,1.0,9.0,205.1
5696,592.0,1.5,191.6,1.0,9.0,205.1
5697,1269.0,1.0,191.6,1.0,9.0,200.6
5698,286.0,1.0,191.6,1.0,9.0,200.6
5699,1425.0,1.0,191.6,1.0,9.0,200.6
5700,37.0,1.0,191.6,1.0,9.0,200.6
5701,1792.0,1.0,191.6,1.0,9.0,200.6
5702,746.0,1.0,191.6,1.0,9.0,200.6
5703,2034.0,1.0,191.6,1.0,9.0,200.6
5704,645.0,1.0,191.6,1.0,9.0,200.6
5705,301.0,1.0,191.6,1.0,9.0,200.6
5706,2864.0,1.5,191.6,1.0,9.0,205.1
5707,4012.0,1.5,191.6,1.0,9.0,205.1
5708,203.0,1.5,191.6,1.0,9.0,205.1
5709,10.0,1.5,191.6,1.0,9.0,205.1
5710,123.0,1.5,191.6,1.0,9.0,205.1
5711,370.0,1.5,191.6,1.0,9.0,205.1
5712,0.0,1.5,191.6,1.0,9.0,205.1
5713,43.0,1.5,191.6,1.0,9.0,205.1
5714,1024.0,1.5,191.6,1.0,9.0,205.1
5715,334.0,1.5,191.6,1.0,9.0,205.1
5716,293.0,1.5,191.6,1.0,9.0,205.1
5717,73.0,1.5,191.6,1.0,9.0,205.1
5718,189.0,1.5,191.6,1.0,9.0,205.1
5719,698.0,1.5,191.6,1.0,9.0,205.1
5720,263.0,1.5,191.6,1.0,9.0,205.1
5721,1321.0,1.0,191.6,1.0,9.0,200.6
5722,1056.0,1.0,191.6,1.0,9.0,200.6
5723,2214.0,1.0,191.6,1.0,9.0,200.6
5724,326.0,1.0,191.6,1.0,9.0,200.6
5725,1925.0,1.0,191.6,1.0,9.0,200.6
5726,3481.0,1.0,191.6,1.0,9.0,200.6
5727,4309.0,1.0,191.6,1.0,9.0,200.6
5728,3764.0,1.0,191.6,1.0,9.0,200.6
5729,1054.0,1.0,191.6,1.0,9.0,200.6
5730,672.0,1.5,191.6,1.0,9.0,205.1
5731,1643.0,1.5,191.6,1.0,9.0,205.1
5732,518.0,1.5,191.6,1.0,9.0,205.1
5733,238.0,1.5,191.6,1.0,9.0,205.1
5734,61.0,1.5,191.6,1.0,9.0,205.1
5735,270.0,1.5,191.6,1.0,9.0,205.1
5736,174.0,1.5,191.6,1.0,9.0,205.1
5737,160.0,1.5,191.6,1.0,9.0,205.1
5738,68.0,1.5,191.6,1.0,9.0,205.1
5739,54.0,1.5,191.6,1.0,9.0,205.1
5740,440.0,1.5,191.6,1.0,9.0,205.1
5741,29.0,1.5,191.6,1.0,9.0,205.1
5742,332.0,1.5,191.6,1.0,9.0,205.1
5743,542.0,1.5,191.6,1.0,9.0,205.1
5744,0.0,1.5,191.6,1.0,9.0,205.1
5745,0.0,1.0,191.6,1.0,9.0,200.6
5746,0.0,1.0,191.6,1.0,9.0,200.6
5747,0.0,1.0,191.6,1.0,9.0,200.6
5748,0.0,1.0,191.6,1.0,9.0,200.6
5749,0.0,1.0,191.6,1.0,9.0,200.6
5750,0.0,1.0,191.6,1.0,9.0,200.6
5751,0.0,1.0,191.6,1.0,9.0,200.6
5752,0.0,1.0,191.6,1.0,9.0,200.6
5753,0.0,1.0,191.6,1.0,9.0,200.6
5754,0.0,1.5,191.6,1.0,9.0,205.1
5755,0.0,1.5,191.6,1.0,9.0,205.1
5756,0.0,1.5,191.6,1.0,9.0,205.1
5757,0.0,1.5,191.6,1.0,9.0,205.1
5758,0.0,1.5,191.6,1.0,9.0,205.1
5759,0.0,1.5,191.6,1.0,9.0,205.1
5760,0.0,1.5,191.6,1.0,9.0,205.1
5761,0.0,1.5,191.6,1.0,9.0,205.1
5762,0.0,1.5,191.6,1.0,9.0,205.1
5763,0.0,1.5,191.6,1.0,9.0,205.1
5764,0.0,1.5,191.6,1.0,9.0,205.1
5765,0.0,1.5,191.6,1.0,9.0,205.1
5766,0.0,1.5,191.6,1.0,9.0,205.1
5767,0.0,1.5,191.6,1.0,9.0,205.1
5768,0.0,1.5,191.6,1.0,9.0,205.1
5769,0.0,1.0,191.6,1.0,9.0,200.6
5770,0.0,1.0,191.6,1.0,9.0,200.6
5771,0.0,1.0,191.6,1.0,9.0,200.6
5772,0.0,1.0,191.6,1.0,9.0,200.6
5773,0.0,1.0,191.6,1.0,9.0,200.6
5774,0.0,1.0,191.6,1.0,9.0,200.6
5775,0.0,1.0,191.6,1.0,9.0,200.6
5776,0.0,1.0,191.6,1.0,9.0,200.6
5777,0.0,1.0,191.6,1.0,9.0,200.6
5778,0.0,1.5,191.6,1.0,9.0,205.1
5779,0.0,1.5,191.6,1.0,9.0,205.1
5780,0.0,1.5,191.6,1.0,9.0,205.1
5781,0.0,1.5,191.6,1.0,9.0,205.1
5782,0.0,1.5,191.6,1.0,9.0,205.1
5783,0.0,1.5,191.6,1.0,9.0,205.1
5784,0.0,1.5,191.6,1.0,9.0,205.1
5785,0.0,1.5,191.6,1.0,9.0,205.1
5786,0.0,1.5,191.6,1.0,9.0,205.1
5787,0.0,1.5,191.6,1.0,9.0,205.1
5788,0.0,1.5,191.6,1.0,9.0,205.1
5789,0.0,1.5,191.6,1.0,9.0,205.1
5790,0.0,1.5,191.6,1.0,9.0,205.1
5791,0.0,1.5,191.6,1.0,9.0,205.1
5792,879.0,1.5,191.6,1.0,9.0,205.1
5793,1343.0,1.0,191.6,1.0,9.0,200.6
5794,844.0,1.0,191.6,1.0,9.0,200.6
5795,766.0,1.0,191.6,1.0,9.0,200.6
5796,448.0,1.0,191.6,1.0,9.0,200.6
5797,383.0,1.0,191.6,1.0,9.0,200.6
5798,1151.0,1.0,191.6,1.0,9.0,200.6
5799,1585.0,1.0,191.6,1.0,9.0,200.6
5800,1095.0,1.0,191.6,1.0,9.0,200.6
5801,140.0,1.0,191.6,1.0,9.0,200.6
5802,579.0,1.5,191.6,1.0,9.0,205.1
5803,827.0,1.5,191.6,1.0,9.0,205.1
5804,13.0,1.5,191.6,1.0,9.0,205.1
5805,54.0,1.5,191.6,1.0,9.0,205.1
5806,461.0,1.5,191.6,1.0,9.0,205.1
5807,151.0,1.5,191.6,1.0,9.0,205.1
5808,204.0,1.5,191.6,1.0,9.0,205.1
5809,353.0,1.5,191.6,1.0,9.0,205.1
5810,306.0,1.5,191.6,1.0,9.0,205.1
5811,378.0,1.5,191.6,1.0,9.0,205.1
5812,248.0,1.5,191.6,1.0,9.0,205.1
5813,200.0,1.5,191.6,1.0,9.0,205.1
5814,266.0,1.5,191.6,1.0,9.0,205.1
5815,919.0,1.5,191.6,1.0,9.0,205.1
5816,653.0,1.5,191.6,1.0,9.0,205.1
5817,942.0,1.0,191.6,1.0,9.0,200.6
5818,1026.0,1.0,191.6,1.0,9.0,200.6
5819,1255.0,1.0,191.6,1.0,9.0,200.6
5820,194.0,1.0,191.6,1.0,9.0,200.6
5821,710.0,1.0,191.6,1.0,9.0,200.6
5822,1198.0,1.0,191.6,1.0,9.0,200.6
5823,1803.0,1.0,191.6,1.0,9.0,200.6
5824,2164.0,1.0,191.6,1.0,9.0,200.6
5825,350.0,1.0,191.6,1.0,9.0,200.6
5826,1029.0,1.5,191.6,1.0,9.0,205.1
5827,1381.0,1.5,191.6,1.0,9.0,205.1
5828,179.0,1.5,191.6,1.0,9.0,205.1
5829,133.0,1.5,191.6,1.0,9.0,205.1
5830,366.0,1.5,191.6,1.0,9.0,205.1
5831,186.0,1.5,191.6,1.0,9.0,205.1
5832,178.0,1.5,167.2,1.0,9.0,180.7
5833,1160.0,1.5,167.2,1.0,9.0,180.7
5834,414.0,1.5,167.2,1.0,9.0,180.7
5835,507.0,1.5,167.2,1.0,9.0,180.7
5836,154.0,1.5,167.2,1.0,9.0,180.7
5837,248.0,1.5,167.2,1.0,9.0,180.7
5838,88.0,1.5,167.2,1.0,9.0,180.7
5839,1747.0,1.5,167.2,1.0,9.0,180.7
5840,829.0,1.5,167.2,1.0,9.0,180.7
5841,1338.0,1.0,167.2,1.0,9.0,176.2
5842,806.0,1.0,167.2,1.0,9.0,176.2
5843,1677.0,1.0,167.2,1.0,9.0,176.2
5844,36.0,1.0,167.2,1.0,9.0,176.2
5845,1498.0,1.0,167.2,1.0,9.0,176.2
5846,2107.0,1.0,167.2,1.0,9.0,176.2
5847,1155.0,1.0,167.2,1.0,9.0,176.2
5848,1460.0,1.0,167.2,1.0,9.0,176.2
5849,437.0,1.0,167.2,1.0,9.0,176.2
5850,1288.0,1.5,167.2,1.0,9.0,180.7
5851,1332.0,1.5,167.2,1.0,9.0,180.7
5852,379.0,1.5,167.2,1.0,9.0,180.7
5853,386.0,1.5,167.2,1.0,9.0,180.7
5854,120.0,1.5,167.2,1.0,9.0,180.7
5855,294.0,1.5,167.2,1.0,9.0,180.7
5856,190.0,1.5,167.2,1.0,9.0,180.7
5857,216.0,1.5,167.2,1.0,9.0,180.7
5858,367.0,1.5,167.2,1.0,9.0,180.7
5859,64.0,1.5,167.2,1.0,9.0,180.7
5860,310.0,1.5,167.2,1.0,9.0,180.7
5861,320.0,1.5,167.2,1.0,9.0,180.7
5862,654.0,1.5,167.2,1.0,9.0,180.7
5863,598.0,1.5,167.2,1.0,9.0,180.7
5864,811.0,1.5,167.2,1.0,9.0,180.7
5865,990.0,1.0,167.2,1.0,9.0,176.2
5866,770.0,1.0,167.2,1.0,9.0,176.2
5867,661.0,1.0,167.2,1.0,9.0,176.2
5868,73.0,1.0,167.2,1.0,9.0,176.2
5869,1379.0,1.0,167.2,1.0,9.0,176.2
5870,1151.0,1.0,167.2,1.0,9.0,176.2
5871,929.0,1.0,167.2,1.0,9.0,176.2
5872,1385.0,1.0,167.2,1.0,9.0,176.2
5873,1297.0,1.0,167.2,1.0,9.0,176.2
5874,4490.0,1.5,167.2,1.0,9.0,180.7
5875,1893.0,1.5,167.2,1.0,9.0,180.7
5876,82.0,1.5,167.2,1.0,9.0,180.7
5877,446.0,1.5,167.2,1.0,9.0,180.7
5878,145.0,1.5,167.2,1.0,9.0,180.7
5879,130.0,1.5,167.2,1.0,9.0,180.7
5880,26.0,1.5,167.2,1.0,9.0,180.7
5881,188.0,1.5,167.2,1.0,9.0,180.7
5882,402.0,1.5,167.2,1.0,9.0,180.7
5883,512.0,1.5,167.2,1.0,9.0,180.7
5884,290.0,1.5,167.2,1.0,9.0,180.7
5885,122.0,1.5,167.2,1.0,9.0,180.7
5886,280.0,1.5,167.2,1.0,9.0,180.7
5887,800.0,1.5,167.2,1.0,9.0,180.7
5888,706.0,1.5,167.2,1.0,9.0,180.7
5889,1005.0,1.0,167.2,1.0,9.0,176.2
5890,517.0,1.0,167.2,1.0,9.0,176.2
5891,337.0,1.0,167.2,1.0,9.0,176.2
5892,372.0,1.0,167.2,1.0,9.0,176.2
5893,1240.0,1.0,167.2,1.0,9.0,176.2
5894,280.0,1.0,167.2,1.0,9.0,176.2
5895,2229.0,1.0,167.2,1.0,9.0,176.2
5896,348.0,1.0,167.2,1.0,9.0,176.2
5897,51.0,1.0,167.2,1.0,9.0,176.2
5898,473.0,1.5,167.2,1.0,9.0,180.7
5899,1928.0,1.5,167.2,1.0,9.0,180.7
5900,75.0,1.5,167.2,1.0,9.0,180.7
5901,42.0,1.5,167.2,1.0,9.0,180.7
5902,505.0,1.5,167.2,1.0,9.0,180.7
5903,117.0,1.5,167.2,1.0,9.0,180.7
5904,156.0,1.5,167.2,1.0,9.0,180.7
5905,740.0,1.5,167.2,1.0,9.0,180.7
5906,287.0,1.5,167.2,1.0,9.0,180.7
5907,509.0,1.5,167.2,1.0,9.0,180.7
5908,183.0,1.5,167.2,1.0,9.0,180.7
5909,745.0,1.5,167.2,1.0,9.0,180.7
5910,118.0,1.5,167.2,1.0,9.0,180.7
5911,693.0,1.5,167.2,1.0,9.0,180.7
5912,0.0,1.5,167.2,1.0,9.0,180.7
5913,0.0,1.0,167.2,1.0,9.0,176.2
5914,0.0,1.0,167.2,1.0,9.0,176.2
5915,0.0,1.0,167.2,1.0,9.0,176.2
5916,0.0,1.0,167.2,1.0,9.0,176.2
5917,0.0,1.0,167.2,1.0,9.0,176.2
5918,0.0,1.0,167.2,1.0,9.0,176.2
5919,0.0,1.0,167.2,1.0,9.0,176.2
5920,0.0,1.0,167.2,1.0,9.0,176.2
5921,0.0,1.0,167.2,1.0,9.0,176.2
5922,0.0,1.5,167.2,1.0,9.0,180.7
5923,0.0,1.5,167.2,1.0,9.0,180.7
5924,0.0,1.5,167.2,1.0,9.0,180.7
5925,0.0,1.5,167.2,1.0,9.0,180.7
5926,0.0,1.5,167.2,1.0,9.0,180.7
5927,0.0,1.5,167.2,1.0,9.0,180.7
5928,0.0,1.5,167.2,1.0,9.0,180.7
5929,0.0,1.5,167.2,1.0,9.0,180.7
5930,0.0,1.5,167.2,1.0,9.0,180.7
5931,0.0,1.5,167.2,1.0,9.0,180.7
5932,0.0,1.5,167.2,1.0,9.0,180.7
5933,0.0,1.5,167.2,1.0,9.0,180.7
5934,0.0,1.5,167.2,1.0,9.0,180.7
5935,0.0,1.5,167.2,1.0,9.0,180.7
5936,0.0,1.5,167.2,1.0,9.0,180.7
5937,0.0,1.0,167.2,1.0,9.0,176.2
5938,0.0,1.0,167.2,1.0,9.0,176.2
5939,0.0,1.0,167.2,1.0,9.0,176.2
5940,0.0,1.0,167.2,1.0,9.0,176.2
5941,0.0,1.0,167.2,1.0,9.0,176.2
5942,0.0,1.0,167.2,1.0,9.0,176.2
5943,0.0,1.0,167.2,1.0,9.0,176.2
5944,0.0,1.0,167.2,1.0,9.0,176.2
5945,0.0,1.0,167.2,1.0,9.0,176.2
5946,0.0,1.5,167.2,1.0,9.0,180.7
5947,0.0,1.5,167.2,1.0,9.0,180.7
5948,0.0,1.5,167.2,1.0,9.0,180.7
5949,0.0,1.5,167.2,1.0,9.0,180.7
5950,0.0,1.5,167.2,1.0,9.0,180.7
5951,0.0,1.5,167.2,1.0,9.0,180.7
5952,0.0,1.5,167.2,1.0,9.0,180.7
5953,0.0,1.5,167.2,1.0,9.0,180.7
5954,0.0,1.5,167.2,1.0,9.0,180.7
5955,0.0,1.5,167.2,1.0,9.0,180.7
5956,0.0,1.5,167.2,1.0,9.0,180.7
5957,0.0,1.5,167.2,1.0,9.0,180.7
5958,0.0,1.5,167.2,1.0,9.0,180.7
5959,0.0,1.5,167.2,1.0,9.0,180.7
5960,158.0,1.5,167.2,1.0,9.0,180.7
5961,976.0,1.0,167.2,1.0,9.0,176.2
5962,615.0,1.0,167.2,1.0,9.0,176.2
5963,2362.0,1.0,167.2,1.0,9.0,176.2
5964,800.0,1.0,167.2,1.0,9.0,176.2
5965,1112.0,1.0,167.2,1.0,9.0,176.2
5966,3967.0,1.0,167.2,1.0,9.0,176.2
5967,1044.0,1.0,167.2,1.0,9.0,176.2
5968,2139.0,1.0,167.2,1.0,9.0,176.2
5969,499.0,1.0,167.2,1.0,9.0,176.2
5970,963.0,1.5,167.2,1.0,9.0,180.7
5971,1591.0,1.5,167.2,1.0,9.0,180.7
5972,120.0,1.5,167.2,1.0,9.0,180.7
5973,26.0,1.5,167.2,1.0,9.0,180.7
5974,39.0,1.5,167.2,1.0,9.0,180.7
5975,217.0,1.5,167.2,1.0,9.0,180.7
5976,0.0,1.5,167.2,1.0,9.0,180.7
5977,54.0,1.5,167.2,1.0,9.0,180.7
5978,258.0,1.5,167.2,1.0,9.0,180.7
5979,304.0,1.5,167.2,1.0,9.0,180.7
5980,0.0,1.5,167.2,1.0,9.0,180.7
5981,150.0,1.5,167.2,1.0,9.0,180.7
5982,205.0,1.5,167.2,1.0,9.0,180.7
5983,548.0,1.5,167.2,1.0,9.0,180.7
5984,1236.0,1.5,167.2,1.0,9.0,180.7
5985,1727.0,1.0,167.2,1.0,9.0,176.2
5986,1118.0,1.0,167.2,1.0,9.0,176.2
5987,1540.0,1.0,167.2,1.0,9.0,176.2
5988,1184.0,1.0,167.2,1.0,9.0,176.2
5989,1548.0,1.0,167.2,1.0,9.0,176.2
5990,1395.0,1.0,167.2,1.0,9.0,176.2
5991,751.0,1.0,167.2,1.0,9.0,176.2
5992,1375.0,1.0,167.2,1.0,9.0,176.2
5993,606.0,1.0,167.2,1.0,9.0,176.2
5994,685.0,1.5,167.2,1.0,9.0,180.7
5995,1376.0,1.5,167.2,1.0,9.0,180.7
5996,201.0,1.5,167.2,1.0,9.0,180.7
5997,78.0,1.5,167.2,1.0,9.0,180.7
5998,12.0,1.5,167.2,1.0,9.0,180.7
5999,73.0,1.5,167.2,1.0,9.0,180.7
6000,0.0,1.5,167.2,1.0,9.0,180.7
6001,687.0,1.5,167.2,1.0,9.0,180.7
6002,109.0,1.5,167.2,1.0,9.0,180.7
6003,177.0,1.5,167.2,1.0,9.0,180.7
6004,110.0,1.5,167.2,1.0,9.0,180.7
6005,120.0,1.5,167.2,1.0,9.0,180.7
6006,233.0,1.5,167.2,1.0,9.0,180.7
6007,2206.0,1.5,167.2,1.0,9.0,180.7
6008,476.0,1.5,167.2,1.0,9.0,180.7
6009,1154.0,1.0,167.2,1.0,9.0,176.2
6010,1369.0,1.0,167.2,1.0,9.0,176.2
6011,857.0,1.0,167.2,1.0,9.0,176.2
6012,3.0,1.0,167.2,1.0,9.0,176.2
6013,1160.0,1.0,167.2,1.0,9.0,176.2
6014,6214.0,1.0,167.2,1.0,9.0,176.2
6015,1042.0,1.0,167.2,1.0,9.0,176.2
6016,513.0,1.0,167.2,1.0,9.0,176.2
6017,616.0,1.0,167.2,1.0,9.0,176.2
6018,737.0,1.5,167.2,1.0,9.0,180.7
6019,2621.0,1.5,167.2,1.0,9.0,180.7
6020,175.0,1.5,167.2,1.0,9.0,180.7
6021,17.0,1.5,167.2,1.0,9.0,180.7
6022,144.0,1.5,167.2,1.0,9.0,180.7
6023,91.0,1.5,167.2,1.0,9.0,180.7
6024,0.0,1.5,167.2,1.0,9.0,180.7
6025,222.0,1.5,167.2,1.0,9.0,180.7
6026,72.0,1.5,167.2,1.0,9.0,180.7
6027,2.0,1.5,167.2,1.0,9.0,180.7
6028,69.0,1.5,167.2,1.0,9.0,180.7
6029,26.0,1.5,167.2,1.0,9.0,180.7
6030,346.0,1.5,167.2,1.0,9.0,180.7
6031,2056.0,1.5,167.2,1.0,9.0,180.7
6032,434.0,1.5,167.2,1.0,9.0,180.7
6033,1125.0,1.0,167.2,1.0,9.0,176.2
6034,1248.0,1.0,167.2,1.0,9.0,176.2
6035,688.0,1.0,167.2,1.0,9.0,176.2
6036,194.0,1.0,167.2,1.0,9.0,176.2
6037,1542.0,1.0,167.2,1.0,9.0,176.2
6038,2666.0,1.0,167.2,1.0,9.0,176.2
6039,888.0,1.0,167.2,1.0,9.0,176.2
6040,950.0,1.0,167.2,1.0,9.0,176.2
6041,494.0,1.0,167.2,1.0,9.0,176.2
6042,1136.0,1.5,167.2,1.0,9.0,180.7
6043,2702.0,1.5,167.2,1.0,9.0,180.7
6044,2.0,1.5,167.2,1.0,9.0,180.7
6045,84.0,1.5,167.2,1.0,9.0,180.7
6046,30.0,1.5,167.2,1.0,9.0,180.7
6047,186.0,1.5,167.2,1.0,9.0,180.7
6048,0.0,1.5,167.2,1.0,9.0,180.7
6049,270.0,1.5,167.2,1.0,9.0,180.7
6050,143.0,1.5,167.2,1.0,9.0,180.7
6051,144.0,1.5,167.2,1.0,9.0,180.7
6052,125.0,1.5,167.2,1.0,9.0,180.7
6053,13.0,1.5,167.2,1.0,9.0,180.7
6054,54.0,1.5,167.2,1.0,9.0,180.7
6055,1777.0,1.5,167.2,1.0,9.0,180.7
6056,196.0,1.5,167.2,1.0,9.0,180.7
6057,1038.0,1.0,167.2,1.0,9.0,176.2
6058,1409.0,1.0,167.2,1.0,9.0,176.2
6059,1647.0,1.0,167.2,1.0,9.0,176.2
6060,480.0,1.0,167.2,1.0,9.0,176.2
6061,838.0,1.0,167.2,1.0,9.0,176.2
6062,968.0,1.0,167.2,1.0,9.0,176.2
6063,1214.0,1.0,167.2,1.0,9.0,176.2
6064,5858.0,1.0,167.2,1.0,9.0,176.2
6065,261.0,1.0,167.2,1.0,9.0,176.2
6066,774.0,1.5,167.2,1.0,9.0,180.7
6067,1387.0,1.5,167.2,1.0,9.0,180.7
6068,3.0,1.5,167.2,1.0,9.0,180.7
6069,9.0,1.5,167.2,1.0,9.0,180.7
6070,157.0,1.5,167.2,1.0,9.0,180.7
6071,24.0,1.5,167.2,1.0,9.0,180.7
6072,0.0,1.5,167.2,1.0,9.0,180.7
6073,4.0,1.5,167.2,1.0,9.0,180.7
6074,155.0,1.5,167.2,1.0,9.0,180.7
6075,0.0,1.5,167.2,1.0,9.0,180.7
6076,144.0,1.5,167.2,1.0,9.0,180.7
6077,48.0,1.5,167.2,1.0,9.0,180.7
6078,104.0,1.5,167.2,1.0,9.0,180.7
6079,1718.0,1.5,167.2,1.0,9.0,180.7
6080,0.0,1.5,167.2,1.0,9.0,180.7
6081,0.0,1.0,167.2,1.0,9.0,176.2
6082,0.0,1.0,167.2,1.0,9.0,176.2
6083,0.0,1.0,167.2,1.0,9.0,176.2
6084,0.0,1.0,167.2,1.0,9.0,176.2
6085,0.0,1.0,167.2,1.0,9.0,176.2
6086,0.0,1.0,167.2,1.0,9.0,176.2
6087,0.0,1.0,167.2,1.0,9.0,176.2
6088,0.0,1.0,167.2,1.0,9.0,176.2
6089,0.0,1.0,167.2,1.0,9.0,176.2
6090,0.0,1.5,167.2,1.0,9.0,180.7
6091,0.0,1.5,167.2,1.0,9.0,180.7
6092,0.0,1.5,167.2,1.0,9.0,180.7
6093,0.0,1.5,167.2,1.0,9.0,180.7
6094,0.0,1.5,167.2,1.0,9.0,180.7
6095,0.0,1.5,167.2,1.0,9.0,180.7
6096,0.0,1.5,167.2,1.0,9.0,180.7
6097,0.0,1.5,167.2,1.0,9.0,180.7
6098,0.0,1.5,167.2,1.0,9.0,180.7
6099,0.0,1.5,167.2,1.0,9.0,180.7
6100,0.0,1.5,167.2,1.0,9.0,180.7
6101,0.0,1.5,167.2,1.0,9.0,180.7
6102,0.0,1.5,167.2,1.0,9.0,180.7
6103,0.0,1.5,167.2,1.0,9.0,180.7
6104,0.0,1.5,167.2,1.0,9.0,180.7
6105,0.0,1.0,167.2,1.0,9.0,176.2
6106,0.0,1.0,167.2,1.0,9.0,176.2
6107,0.0,1.0,167.2,1.0,9.0,176.2
6108,0.0,1.0,167.2,1.0,9.0,176.2
6109,0.0,1.0,167.2,1.0,9.0,176.2
6110,0.0,1.0,167.2,1.0,9.0,176.2
6111,0.0,1.0,167.2,1.0,9.0,176.2
6112,0.0,1.0,167.2,1.0,9.0,176.2
6113,0.0,1.0,167.2,1.0,9.0,176.2
6114,0.0,1.5,167.2,1.0,9.0,180.7
6115,0.0,1.5,167.2,1.0,9.0,180.7
6116,0.0,1.5,167.2,1.0,9.0,180.7
6117,0.0,1.5,167.2,1.0,9.0,180.7
6118,0.0,1.5,167.2,1.0,9.0,180.7
6119,0.0,1.5,167.2,1.0,9.0,180.7
6120,0.0,1.5,167.2,1.0,9.0,180.7
6121,0.0,1.5,167.2,1.0,9.0,180.7
6122,0.0,1.5,167.2,1.0,9.0,180.7
6123,0.0,1.5,167.2,1.0,9.0,180.7
6124,0.0,1.5,167.2,1.0,9.0,180.7
6125,0.0,1.5,167.2,1.0,9.0,180.7
6126,0.0,1.5,167.2,1.0,9.0,180.7
6127,196.0,1.5,167.2,1.0,9.0,180.7
6128,630.0,1.5,167.2,1.0,9.0,180.7
6129,1043.0,1.0,167.2,1.0,9.0,176.2
6130,1924.0,1.0,167.2,1.0,9.0,176.2
6131,946.0,1.0,167.2,1.0,9.0,176.2
6132,20.0,1.0,167.2,1.0,9.0,176.2
6133,1996.0,1.0,167.2,1.0,9.0,176.2
6134,1018.0,1.0,167.2,1.0,9.0,176.2
6135,1138.0,1.0,167.2,1.0,9.0,176.2
6136,982.0,1.0,167.2,1.0,9.0,176.2
6137,435.0,1.0,167.2,1.0,9.0,176.2
6138,584.0,1.5,167.2,1.0,9.0,180.7
6139,2820.0,1.5,167.2,1.0,9.0,180.7
6140,14.0,1.5,167.2,1.0,9.0,180.7
6141,72.0,1.5,167.2,1.0,9.0,180.7
6142,11.0,1.5,167.2,1.0,9.0,180.7
6143,345.0,1.5,167.2,1.0,9.0,180.7
6144,128.0,1.5,167.2,1.0,9.0,180.7
6145,45.0,1.5,167.2,1.0,9.0,180.7
6146,479.0,1.5,167.2,1.0,9.0,180.7
6147,93.0,1.5,167.2,1.0,9.0,180.7
6148,255.0,1.5,167.2,1.0,9.0,180.7
6149,76.0,1.5,167.2,1.0,9.0,180.7
6150,1228.0,1.5,167.2,1.0,9.0,180.7
6151,1110.0,1.5,167.2,1.0,9.0,180.7
6152,432.0,1.5,167.2,1.0,9.0,180.7
6153,1672.0,1.0,167.2,1.0,9.0,176.2
6154,840.0,1.0,167.2,1.0,9.0,176.2
6155,2099.0,1.0,167.2,1.0,9.0,176.2
6156,2791.0,1.0,167.2,1.0,9.0,176.2
6157,1109.0,1.0,167.2,1.0,9.0,176.2
6158,1023.0,1.0,167.2,1.0,9.0,176.2
6159,1178.0,1.0,167.2,1.0,9.0,176.2
6160,1395.0,1.0,167.2,1.0,9.0,176.2
6161,230.0,1.0,167.2,1.0,9.0,176.2
6162,973.0,1.5,167.2,1.0,9.0,180.7
6163,1497.0,1.5,167.2,1.0,9.0,180.7
6164,45.0,1.5,167.2,1.0,9.0,180.7
6165,149.0,1.5,167.2,1.0,9.0,180.7
6166,66.0,1.5,167.2,1.0,9.0,180.7
6167,405.0,1.5,167.2,1.0,9.0,180.7
